product_name,price,metadata,product_id,image_download
Bells Out Poncho | Grey,114.95,,1588577539,OK
Kamilla Cardigan | Charcoal,114.95,The Kamilla Cardigan features a blended fabrication and two side pockets.,1588317956,OK
Mona Cardigan | Khaki,114.95,The Mona Cardigan features a leopard printed fabrication and two side pockets.,1588317235,OK
Molly Knit | Khaki,94.95,Introducing AW 2020,1588230304,OK
Molly Knit | Camel,94.95,Introducing AW 2020,1588230256,OK
McKenzie Skivvy | Coffee,79.95,Introducing AW 2020,1588229963,OK
McKenzie Skivvy | Grey,79.95,Introducing AW 2020,1588230013,OK
Callista Knit | Grey,79.95,The Callista Knit is the perfect layering piece. Featuring a v neckline and stitch detailing along the front this knit is a Winter wardrobe essential!,1588315986,OK
Virgo Knit | Khaki,79.95,"The Virgo Knit features a scooped neckline, block colour knitted fabric and relaxed fitting body. This knit will be sure to keep you warm this Winter.",1588314952,OK
Mona Cardigan | Black,114.95,The Mona Cardigan features a leopard printed fabrication and two side pockets.,1588316704,OK
McKenzie Skivvy | Black,79.95,Introducing AW 2020,1588229926,OK
Emmi Knit | Grey,69.95,The Emmi Knit is the perfect layering piece. Featuring a two toned weave and scooped neckline. This knit is a Winter wardrobe essential!,1588313519,OK
Geneva Cardigan | Khaki,124.95,Introducing AW 2020,1587438488,OK
Geneva Cardigan | Beige,124.95,Introducing AW 2020,1587438246,OK
Henley Zip Pants | Black,94.95,Introducing AW 2020,1587528084,OK
Evelyn Knit | Stripe,109.95,Introducing AW 2020,1587106376,OK
Jessie Joggers | Black,84.95,Introducing AW 2020,1587104836,OK
Jessie Joggers | Peacock,84.95,Introducing AW 2020,1587519423,OK
Hadley Knit Pants | Black,84.95,Introducing AW 2020,1587106279,OK
Hadley Knit Pants | Grey,84.95,Introducing AW 2020,1587106316,OK
Koda Cardigan | Black,109.95,Introducing AW 2020,1587106544,OK
Jaelyn Jacket | Tan,189.95,Introducing AW 2020,1587105536,OK
Noah Coat | Beige,169.95,Introducing AW 2020,1587105888,OK
Madison Embroidered Tee | White,64.95,Introducing AW 2020,1586398801,OK
Madison Embroidered Tee | Khaki,64.95,Introducing AW 2020,1586398762,OK
Jaida Tank | Black,39.95,Introducing Core 2020,1582766261,OK
Jaida Tank | White,39.95,Introducing Core 2020,1582767989,OK
Jaida Tank | Grey,39.95,Introducing Core 2020,1582768812,OK
Aston Tee | White,59.95,Introducing Core 2020,1585716390,OK
Aston Sweater | Leopard,94.95,Introducing Core 2020,1585716330,OK
Aston Joggers | Leopard,84.95,Introducing Core 2020,1585716292,OK
Joslin Top | White,74.95,Introducing Core 2020,1582770727,OK
Joslin Top | Black,74.95,Introducing Core 2020,1582771096,OK
Stella Top | Grey,54.95,Introducing Core 2020,1582771373,OK
Stella Top | Wine,54.95,Introducing Core 2020,1582771703,OK
Madison Script Top | Black,64.95,Introducing Core 2020,1585716483,OK
Madison Script Top | Grey,64.95,Introducing Core 2020,1585716529,OK
Madison Script Top | White,64.95,Introducing Core 2020,1585716555,OK
Madison Script Top | Sand,64.95,Introducing Core 2020,1585716588,OK
Amber Sweater | Blush,74.95,Introducing Core 2020,1587522923,OK
Amber Sweater | Navy,74.95,Introducing Core 2020,1587519107,OK
Amber Sweater | Seaweed,74.95,Introducing Core 2020,1587519126,OK
Liberty Top | Black,79.95,Introducing Core 2020,1587519207,OK
Liberty Top | White,79.95,Introducing Core 2020,1587519305,OK
Liberty Top | Mustard,79.95,Introducing Core 2020,1587519269,OK
Felix Puffer Jacket | Mustard,164.95,Introducing Core 2020,1585715656,OK
Felix Puffer Jacket | Black,164.95,Introducing Core 2020,1585715688,OK
Madison Embossed Sweater | Navy,94.95,Introducing Core 2020,1585715809,OK
Madison Embossed Sweater | Mustard,94.95,Introducing Core 2020,1585715737,OK
Mia Denim Jacket | Denim,144.95,Introducing Core 2020,1585716671,OK
Giselle Dress | Ink,89.95,Introducing Core 2020,1582780279,OK
Franco Joggers | Navy,84.95,Introducing Core 2020,1585715906,OK
Franco Joggers | Grey,84.95,Introducing Core 2020,1585715965,OK
Billie Joggers | Black,84.95,Introducing Core 2020,1585716038,OK
Billie Joggers | Clay,84.95,Introducing AW 2020,1585716109,OK
Peyton Hoodie | Clay,84.95,Introducing AW 2020,1585716215,OK
Leni Drop Crotch Pants | Safari,79.95,INTRODUCING MADISON SPORTS LUXE RANGE,1562109129,OK
Madison Long Sleeve Top | White,59.95,INTRODUCING MADISON SPORTS LUXE RANGE,1562108881,OK
Tonya Jeans | Blue,89.95,"The Tonya Jeans feature a high waisted silhouette, button closure and visible contrast stitching.",1581373890,OK
Tonya Jeans | White,89.95,"The Tonya Jeans feature a high waisted silhouette, button closure and visible contrast stitching.",1581373905,OK
Reena Shorts | Denim,69.95,"The Reena Shorts features a high waisted silhouette, elasticated tabs on the waist and mid length.",1581309236,OK
Reena Shorts | White,69.95,"The Reena Shorts features a high waisted silhouette, elasticated tabs on the waist and mid length.",1581309808,OK
Reena Shorts | Black,69.95,Prefect for those beach days.,1581309943,OK
St Tropez Blazer | White,144.95,The perfect linen blended has arrived. The St Tropez Blazer features two front pockets and contrast button detailing.,1581308564,OK
Kelly Satin Dress | Navy,119.95,"The Kelly Satin Dress features a beautiful soft fabrication, adjustable shoulder straps, frill hemline and a gathered bust.",1580868029,OK
Kelly Satin Dress | Brick,119.95,"The Kelly Satin Dress features a beautiful soft fabrication, adjustable shoulder straps, frill hemline and a gathered bust.",1580868536,OK
Jimmy Shorts | Denim,69.95,"The Jimmy Shorts feature distressed patches throughout, high waist silhouette and short leg.",1579054508,OK
Ryder Jeans | Acid,89.95,"The Ryder Jeans feature a high waisted silhouette, wide leg, button up closure and belt loops.",1579052406,OK
Leni Hoodie | Safari,99.95,INTRODUCING MADISON SPORTS LUXE RANGE,1585784293,OK
Revolution Tee | Beige,54.95,INTRODUCING MADISON SPORTS LUXE RANGE,1562110616,OK
Cody Drop Crotch Pants | Sand,79.95,INTRODUCING MADISON SPORTS LUXE RANGE,1562111871,OK
Cody Hoodie | Sand,99.95,INTRODUCING MADISON SPORTS LUXE RANGE,1585784487,OK
Hudson Hoodie | Grey,99.95,INTRODUCING MADISON SPORTS LUXE RANGE,1585784267,OK
Hudson Drop Crotch Pants | Grey,79.95,INTRODUCING MADISON SPORTS LUXE RANGE,1585784394,OK
Lover Lover Tee | White,54.95,INTRODUCING MADISON SPORTS LUXE RANGE,1562113266,OK
Madi Hoodie | Midnight,99.95,INTRODUCING MADISON SPORTS LUXE RANGE,1585784195,OK
Madi Drop Crotch Pants | Midnight,79.95,INTRODUCING MADISON SPORTS LUXE RANGE,1585784140,OK
Dillon Drop Crotch Pants | Black,84.95,INTRODUCING MADISON SPORTS LUXE RANGE,1585784369,OK
Dillon Sweater | Black,99.95,INTRODUCING MADISON SPORTS LUXE RANGE,1562115371,OK
Ryder Skirt | Acid,74.95,"The Ryder Skirt. feature a high waisted silhouette, button up closure and belt loops.",1579052699,OK
Palmer Jeans | Denim,84.95,"The Palmer jeans feature an elasticated paperbag waistband, two front pockets and loose fitting leg.",1579052921,OK
Indi Satin Skirt | Black,84.95,The Indi Satin Skirt features an elasticated waistband and midi length.,1579052078,OK
Indi Satin Skirt | Peacock,84.95,The Indi Satin Skirt features an elasticated waistband and midi length.,1578458805,OK
Elsie Satin Pants | Black,99.95,The Elsie Satin Pants features a highwaisted silhouette with side zip closure.,1578458939,OK
Elsie Satin Pants | Brick,99.95,The Elsie Satin Pants features a highwaisted silhouette with side zip closure.,1578459018,OK
Odette Dress | Pink,89.95,"The Odette dress features a sweet heart neckline, elasticated shoulder straps and buttons down the front. Perfect for those upcoming festive events.",1576469097,OK
Lainey Playsuit | Pink,89.95,"The Lainey Playsuit features a sweet heart neckline, button up closure and adjustable shoulder straps.",1576470175,OK
Lainey Playsuit | Fuchsia,89.95,"The Lainey Playsuit features a sweet heart neckline, button up closure and adjustable shoulder straps.",1576470390,OK
Kiara Dress | Pink,89.95,"The Kiara Dress features a straight neckline, thin adjustable shoulder straps and open back with tie up detailing.",1576470960,OK
Kiara Dress | White,89.95,"The Kiara Dress features a straight neckline, thin adjustable shoulder straps and open back with tie up detailing.",1576471292,OK
Tate Dress | Stripe,84.95,"The Tate Dress features a steel coloured strip fabrication, adjustable shoulder straps, double frill panel at the front and scooped neckline.",1576471567,OK
Kenna Pantsuit | White,114.95,,1576471871,OK
Tate Playsuit | Stripe,89.95,"The Tate Playsuit features a steel coloured stripe fabrication, elasticated waist, frill detailing on the sleeves and leg and v-neckline.",1576472267,OK
Nyxen Shorts | Navy,79.95,,1576472851,OK
Nyxen Shorts | Steel,79.95,"The Nyxen Shorts feature an elasticated waistband, two front pockets, fluted leg and drawstring closure.",1576472945,OK
Tate Skirt | Stripe,74.95,"The Tate Skirt features a steel coloured stripe fabrication, elasticated waistband and trim detailing.",1576473068,OK
Tate Top | Stripe,74.95,"The Tate Top features a steel coloured stripe fabrication, bell sleeve and wrap closure. You can adjust this style and where it multiple ways.",1576473469,OK
Willow Top | White,69.95,The Willow Top features a v neckline with knot detailing on the shoulder. Team with the Nyxen Shorts for the prefect look.,1576473802,OK
Willow Top | Navy,69.95,The Willow Top features a v neckline with knot detailing on the shoulder. Team with the Nyxen Shorts for the prefect look.,1576474795,OK
Ava Tank Top | Purple,49.95,The perfect staple has arrived. The Ava Tank features an unbelievably lightweight fabric with a v-neckline and thick straps for the perfect layering piece.,1580868737,OK
Jaymee Denim Skirt | Acid,74.95,Looking for the perfect Denim Skirt? The Jaymee Skirt is finally here! Featuring distressed patches and un-even hemline.,1576462550,OK
Jayla Top | White,74.95,"The Jayla Top features a capped sleeve, button closure and a slight peplum hemline. Team with a cute pair of denim shorts for the perfect look.",1576466328,OK
Jayla Top | Sand,74.95,"The Jayla Top features a capped sleeve, button closure and a slight peplum hemline. Team with a cute pair of denim shorts for the perfect look.",1576466632,OK
Vance Top | Pistachio,89.95,"The Vance Top features a half sleeve, deep v neckline and button closure.",1576467020,OK
Vance Top | Salmon,89.95,"The Vance Top features a half sleeve, deep v neckline and button closure.",1576467160,OK
Effie Pantsuit | Khaki,114.95,"The Effie Pantsuit features an elasticated waistband, open buckle closure at back and buttons down the front.",1576467610,OK
Montana Tee | Black,59.95,"The Montana Tee features rope detailing in the shape of a women's face, capped t-shit sleeve and a soft cotton ribbed fabrication. Your perfect basic with a twist.",1576032482,OK
Mason Dress | Black,79.95,"The perfect staple dress has arrived. The Mason Dress features a lightweight fabric with a straight cut bust line, thin adjustable shoulder straps and cross over hemline.",1576032842,OK
Mason Dress | Brick,79.95,"The perfect staple dress has arrived. The Mason Dress features a lightweight fabric with a straight cut bust line, thin adjustable shoulder straps and cross over hemline.",1576032918,OK
Amy Satin Cami | Yellow,59.95,Introducing the Amy Satin Cami. Featuring thin shoulder straps and a sheen finish- this cami will be your go to this Summer.,1575519697,OK
Amy Satin Cami | Brick,59.95,Introducing the Amy Satin Cami. Featuring thin shoulder straps and a sheen finish- this cami will be your go to this Summer.,1575519778,OK
Iris Crop | White,84.95,"The Iris Crop features an intricate lace fabrication, cupped bust, elasticated back and arm inserts.",1575520036,OK
Iris Skirt | White,89.95,"The Iris Skirt features an intricate lace fabrication, elasticated waistband and a lace frill hemline.",1575520154,OK
Tasmin Skirt | White,84.95,"The Tasmin Skirt features an elasticated waistband, high waisted silhouette, buttons along the side seam and midi length.",1575520460,OK
Bronte Top | White,84.95,"The Bronte Top features an off shoulder silhouette, back zip closure, elasticated arm inserts with puff sleeve.",1575520768,OK
Bronte Top | Black,84.95,"The Bronte Top features an off shoulder silhouette, back zip closure, elasticated arm inserts with puff sleeve.",1575520934,OK
Harper Jeans | Black,79.95,"The most comfortable denim jeans have arrived. The Harper Jeans feature a super stretchy denim fabric, high waist and cropped ankle.",1575497462,OK
Ava Tank Top | Yellow,49.95,The perfect staple has arrived. The Ava Tank features an unbelievably lightweight fabric with a v-neckline and thick straps for the perfect layering piece.,1574911333,OK
Ava Tank Top | Pink,49.95,The perfect staple has arrived. The Ava Tank features an unbelievably lightweight fabric with a v-neckline and thick straps for the perfect layering piece.,1574911493,OK
Harper Jeans | White,79.95,"The most comfortable denim jeans have arrived. The Harper Jeans feature a super stretchy denim fabric, high waist and cropped ankle.",1575497647,OK
Hollie Shirt | Black,74.95,"The Hollie Shirt features a v shaped neckline, capped sleeves, buttons down the front and two little side splits. Perfect for every occasion.",1574392929,OK
Hollie Shirt | Sand,74.95,"The Hollie Shirt features a v shaped neckline, capped sleeves, buttons down the front and two little side splits. Perfect for every occasion.",1574392987,OK
Hollie Shirt | Mustard,74.95,"The Hollie Shirt features a v shaped neckline, capped sleeves, buttons down the front and two little side splits. Perfect for every occasion.",1574393144,OK
Livvy Dress | Pink,89.95,"The Livvy Dress features a v shaped neckline, capped t-shirt sleeve, buttons down the front and an uneven hemline.",1574393555,OK
Livvy Dress | Mustard,89.95,"The Livvy Dress features a v shaped neckline, capped t-shirt sleeve, buttons down the front and an uneven hemline.",1574393390,OK
Lola Crop | White,84.95,"The Lola Crop features an elasticated shirred back, puff half sleeves that can be worn up or down.",1573771550,OK
Lola Crop | Pink,84.95,"The Lola Crop features an elasticated shirred back, puff half sleeves that can be worn up or down.",1573771477,OK
Mayla Shorts | White,84.95,"The Mayla Shorts feature an elasticated waistband, two side pockets and a wide leg silhouette.",1573771907,OK
Mayla Shorts | Fuchsia,84.95,"The Mayla Shorts feature an elasticated waistband, two side pockets and a wide leg silhouette.",1573771800,OK
Kai Pants | White,99.95,"The Kai Pants feature an elasticated waistband, two side pockets and buttons down the front.",1573771399,OK
Kai Pants | Pink,99.95,"The Kai Pants feature an elasticated waistband, two side pockets and buttons down the front.",1573771340,OK
Kady Dress | White,99.95,,1573771248,OK
Maggie Skirt | Fuchsia,94.95,"The Maggie Skirt features an asymmetrical hemline, buttons down the font and a high-waisted silhouette.",1574738774,OK
Ivana Dress | Fuchsia,99.95,SALE ITEM,1573771151,OK
Iris Playsuit | White Lace,124.95,"The Iris Playsuit features an intricate lace fabrication, deep v-neckline and lace trimmings along the bust and hemline.",1573771074,OK
Vera Top | White,79.95,"The Vera Top features a v neckline, an asymmetrical frill hemline and soft fabrication.",1573772354,OK
Penny Blazer | Navy,124.95,,1573772017,OK
Penny Blazer | White,124.95,"The Penny Blazer features a v neckline, button up front, half sleeve and loose fitting silhouette.",1573772104,OK
Tillie Dress | Navy,99.95,SALE ITEM,1573772279,OK
Deena Pants | Steel,99.95,"The Deena Pants feature a high-waisted silhouette, two side pockets, cropped ankle and front button closure.",1573770646,OK
Deena Pants | White,99.95,SALE ITEM,1573770732,OK
Shae Dress | Steel,109.95,"The Shae Dress features a t-shirt sleeve, deep v neckline, wrap up closure and tie up waist.",1573772198,OK
Hailey Dress | White,89.95,"The Hailey Dress features a cross back, two side pockets and tie up waist.",1574028907,OK
Hailey Dress | Indigo,89.95,"The Hailey Dress features a cross back, two side pockets and tie up waist.",1573770809,OK
Hailey Pantsuit | White,114.95,"The Hailey Pantsuit features a cross back, two side pockets and tie up waist.",1574028939,OK
Becca Dress | Khaki,99.95,,1573599496,OK
Becca Dress | White Spot,99.95,"The Becca Dress features a v neckline with button detailing down the front, buttons on the puff sleeves and fluted skirt hemline.",1573599665,OK
Atlas Shorts | Black,94.95,"The Atlas Shorts feature a adjustable belt buckle, two side pockets and a high-waisted silhouette.",1573537207,OK
Atlas Shorts | White,94.95,"The Atlas Shorts feature a adjustable belt buckle, two side pockets and a high-waisted silhouette.",1573537397,OK
Bronte Dress | White,114.95,SALE ITEM,1573597844,OK
Carter Crop | Khaki,84.95,SALE ITEM,1573538112,OK
Carter Crop | White Spot,84.95,The Carter Crop features an elasticated half sleeve and tie up feature which can be worn multiple ways.,1573538196,OK
Farah Skirt | White Spot,84.95,"The Farah Skirt features a tortoise shell belt buckle, high-waisted silhouette and invisible zip closure.",1573538641,OK
Farah Skirt | Khaki,84.95,"The Farah Skirt features a tortoise shell belt buckle, high-waisted silhouette and invisible zip closure.",1573538545,OK
Dayle Pants | Black,109.95,"The Dayle Pants feature a high-waisted silhouette, tortoise shell buckle and two side pockets.",1573538293,OK
Dayle Pants | Khaki,109.95,"The Dayle Pants feature a high-waisted silhouette, tortoise shell buckle and two side pockets.",1573538370,OK
Melody Dress | White Spot,124.95,"The Melody Dress features two front splits, tie up waist and v-neckline.",1573597071,OK
Gia Playsuit | White,124.95,"The Gia Playsuit features a deep v neckline, press stud closure, an adjustable belt at waist and two side pockets.",1573596271,OK
Gia Playsuit | Khaki,124.95,"The Gia Playsuit features a deep v neckline, press stud closure, an adjustable belt at waist and two side pockets.",1573538872,OK
Brooklyn Shirt | White,124.95,"The Brooklyn Shirt features a deep v neckline, gold buttons throughout and tabs on the sleeve allowing you to roll them up.",1573538004,OK
Brooklyn Shirt | Stone,124.95,"The Brooklyn Shirt features a deep v neckline, gold buttons throughout and tabs on the sleeve allowing you to roll them up.",1573537907,OK
Brooklyn Shirt | Brick,124.95,SALE ITEM,1573537706,OK
Larsen Dress | Salmon,99.95,"The Larsen Dress features a straight neckline, two front pockets, adjustable shoulder straps, two side splits and midi in length.",1573597191,OK
Spencer Playsuit | Salmon,154.95,"The Spencer Playsuit features a tailored silhouette, gold buttons throughout and two side pockets. With the appearance of a dress, with hidden shorts- this playsuit is not only stylish but comfortable!",1573597685,OK
Spencer Playsuit | Sand,154.95,"The Spencer Playsuit features a tailored silhouette, gold buttons throughout and two side pockets. With the appearance of a dress, with hidden shorts- this playsuit is not only stylish but comfortable!",1573597773,OK
Miguel Shorts | Pistachio,84.95,"The Miguel Shorts feature an elasticated waistband, gold button detailing throughout and two front pockets. With an overlay piece- these shorts give you a skirt feel.",1573597314,OK
Miguel Shorts | Sand,84.95,"The Miguel Shorts feature an elasticated waistband, gold button detailing throughout and two front pockets. With an overlay piece- these shorts give you a skirt feel.",1573597422,OK
Kimber Pants | Pistachio,99.95,"The Kimber Pants feature a high-waisted silhouette, two front pockets and an elasticated ankle.",1573596739,OK
Kimber Pants | Sand,99.95,"The Kimber Pants feature a high-waisted silhouette, two front pockets and an elasticated ankle.",1573596884,OK
Sierra Dress | White,109.95,"The Sierra Dress features a v neckline, frill sleeves, gathering at the waist with uneven stitching. This is the prefect summer time dress.",1573597619,OK
Sierra Dress | Pistachio,109.95,,1573597534,OK
Kenzie Playsuit | White,109.95,"The Kenzie Playsuit features buttons down the front, two front pockets, arm tabs and a v neckline.",1573596601,OK
Kenzie Playsuit | Pistachio,109.95,"The Kenzie Playsuit features buttons down the front, two front pockets, arm tabs and a v neckline.",1573596499,OK
St Tropez Blazer | Coffee,144.95,The perfect linen blended has arrived. The St Tropez Blazer features two front pockets and contrast button detailing.,1572500536,OK
St Tropez Blazer | Peach,144.95,The perfect linen blended has arrived. The St Tropez Blazer features two front pockets and contrast button detailing.,1572565022,OK
St Tropez Blazer | Spice,144.95,The perfect linen blended has arrived. The St Tropez Blazer features two front pockets and contrast button detailing.,1572500521,OK
Amy Satin Cami | Black,59.95,Introducing the Amy Satin Cami. Featuring thin shoulder straps and a sheen finish- this cami will be your go to this Summer.,1572500759,OK
Amy Satin Cami | Champagne,59.95,Introducing the Amy Satin Cami. Featuring thin shoulder straps and a sheen finish- this cami will be your go to this Summer.,1572565065,OK
Jordan Denim Skirt | Denim,69.95,"Looking for the perfect Denim Skirt? The Jordan Skirt is finally here! Features loop detailing at the rear, a frayed hemline and denim wash.",1572501351,OK
Ravyn Cami | White,64.95,"The perfect staple has arrived. The Ravyn Cami features a lightweight fabric with a straight cut bust line, thin adjustable shoulder straps and cross over hemline. Available in three beautiful colours- you'll want them all!",1571367346,OK
Ravyn Cami | Brick,64.95,"The perfect staple has arrived. The Ravyn Cami features a lightweight fabric with a straight cut bust line, thin adjustable shoulder straps and cross over hemline. Available in three beautiful colours- you'll want them all!",1571369226,OK
Ravyn Cami | Stone,64.95,"The perfect staple has arrived. The Ravyn Cami features a lightweight fabric with a straight cut bust line, thin adjustable shoulder straps and cross over hemline. Available in three beautiful colours- you'll want them all!",1571369362,OK
Mason Dress | Stone,79.95,"The perfect staple dress has arrived. The Mason Dress features a lightweight fabric with a straight cut bust line, thin adjustable shoulder straps and cross over hemline.",1571369734,OK
Mason Dress | White,79.95,"The perfect staple dress has arrived. The Mason Dress features a lightweight fabric with a straight cut bust line, thin adjustable shoulder straps and cross over hemline.",1571369842,OK
Montana Tee | White,59.95,"The Montana Tee features rope detailing in the shape of a woman's face, capped t-shit sleeve and a soft cotton ribbed fabrication. Your perfect basic with a twist.",1571370155,OK
Livvy Dress | White,89.95,"The Livvy Dress features a v shaped neckline, capped t-shirt sleeve, buttons down the front and an uneven hemline.",1570403248,OK
Hollie Shirt | White,74.95,"The Hollie Shirt features a v shaped neckline, capped sleeves, buttons down the front and two little side splits. Perfect for every occasion.",1570404253,OK
Ainsley Dress | White,169.95,"The Ainsley Dress features a deep v neckline, elasticated fluted sleeves, feature wicker belt and soft lace fabrication.",1571379921,OK
Ainsley Crop | Black,89.95,SALE ITEM,1572216551,OK
Ainsley Crop | White,89.95,"The Ainsley Crop features a sweetheart bust, elasticated arm inserts, back zip closure and soft lace fabrication.",1571380330,OK
Ainsley Pants | Black,129.95,"The Ainsley Pants feature a high waisted silhouette, wicker belt buckle, subtle wide leg and soft lace fabrication.",1571380064,OK
Ainsley Pants | White,129.95,"The Ainsley Pants feature a high waisted silhouette, wicker belt buckle, subtle wide leg and soft lace fabrication.",1571380243,OK
Kelsey Midi Dress | Primrose,119.95,"The Kelsey Midi Dress features a sweet heart bust, thick shoulder straps, midi length and a linen cotton blended fabrication.",1571379310,OK
Kelsey Midi Dress | Black,119.95,"The Kelsey Midi Dress features a sweet heart bust, thick shoulder straps, midi length and a linen cotton blended fabrication.",1571379229,OK
Eboni Pantsuit | White,134.95,"The Eboni Pantsuit features an off shoulder silhouette, tortoise shell buttons down the front and a soft linen blended stripe fabrication.",1571611805,OK
Menzie Top | Beige,99.95,"The Menzie Top features a soft linen blended fabrication, deep v neckline with lapel collar and tortoise shell button feature.",1571380953,OK
Menzie Shorts | Beige,79.95,"The Menzie Shorts features a soft linen blended fabrication, high waisted silhouette and belt loops.",1571373051,OK
Indi Playsuit | White,134.95,"The Indi Playsuit features a v neckline with a lapel collar, tortoise shell buttons down the front and tie up waist.",1571381032,OK
Erika Dress | Primrose,119.95,"The Erika Dress features an off shoulder silhouette, sweet heart bust, elasticated arm inserts and mini length hemline.",1571381137,OK
Casey Skirt | White,79.95,The Casey Skirt features an angled wrap button closure- giving your average denim skirt a bit of a twist.,1575497848,OK
Casey Dress | White,114.95,"The Casey Dress features a super stretchy denim fabric, straight neckline with thick shoulder straps, frill hemline and buttons down the front.",1571381230,OK
Arlo Pantsuit | Beige,94.95,"The Arlo Pantsuit features a soft neutral spot fabrication, elasticated bust and straps and side zip closure.",1575437033,OK
Arlo Playsuit | Beige,84.95,"The Arlo Playsuit features a soft neutral spot fabrication, elasticated waistband, arm inserts and frill detailing a bust.",1571381403,OK
Arlo Wrap Dress | Beige,94.95,"The Arlo Wrap Dress features a soft neutral spot fabrication, fluted sleeves, midi length and wrap tie up closure.",1575436882,OK
Heide Dress | Black,124.95,"The Heide Dress features a straight neckline, puff sleeves with shirring along the arm, back zip closure and mini length.",1576459131,OK
Olivia Dress | White,99.95,"The Olivia Dress features a sweetheart neckline, elasticated shoulder straps and shirring body.",1571381606,OK
Harper Jeans | Denim,79.95,"The most comfortable denim jeans have arrived. The Harper Jeans feature a super stretchy denim fabric, high waist and cropped ankle.",1575497583,OK
Cameron Cami | Black,54.95,The Cameron Cami has arrived. This versatile piece can take you from day to night with the simple change of shoe. Featuring an overlay- this top will suit all body shapes.,1566259204,OK
Cameron Cami | White,54.95,The Cameron Cami has arrived. This versatile piece can take you from day to night with the simple change of shoe. Featuring an overlay- this top will suit all body shapes.,1566259344,OK
Kendra Blazer | White,159.95,"For the woman that's equal parts business and fashion forward! The new Kendra Blazer is giving us all the girl boss vibes! Featuring a structured shape, gold button detailing and a super soft fabrication.",1562730655,OK
Kendra Culottes | White,94.95,"High waisted culottes featuring a side zip, wide leg and soft weighted fabric. Team with the Kendra Blazer for the perfect look.",1562730782,OK
Emmi Knit | Black,69.95,The Emmi Knit is the perfect layering piece. Featuring a two toned weave and scooped neckline. This knit is a Winter wardrobe essential!,1561348992,OK
Emmi Knit | Olive,69.95,The Emmi Knit is the perfect layering piece. Featuring a two toned weave and scooped neckline. This knit is a Winter wardrobe essential!,1561348803,OK
Avery Biker Jacket | Denim,129.95,"Featuring a slouchy biker jacket silhouette, wide collar, epaulettes, accent zip detail and slight acid wash finish.",1585180296,OK
Kendra Blazer | Musk,159.95,,1585193433,OK
Silvi Mom Jeans | Denim,89.95,,1585262778,OK
Kendra Blazer | Black,159.95,,1585193403,OK
Ellie Blazer | Bone,159.95,"This blazer features a structured shape, tortoiseshell button detailing, premium fabrication and is fully lined.",1585186159,OK
Nala Blazer | Navy,169.95,,1558584845,OK
Wynter Blazer | Black,169.95,"Stay chic and warm in the Wynter Blazer perfect for your winter wardrobe. Made from a tweed fabric featuring silver buttons, this blazer is the epitome of class.",1558585084,OK
Wynter Blazer | White,169.95,"Stay chic and warm in the Wynter Blazer perfect for your winter wardrobe. Made from a tweed fabric featuring silver buttons, this blazer is the epitome of class.",1558585384,OK
Hana Knit | Grey,64.95,INTRODUCING THE EXHIBIT AW RANGE,1558581955,OK
Hana Knit | Beige,64.95,INTRODUCING THE EXHIBIT AW RANGE,1558581743,OK
Hana Knit | Khaki,64.95,INTRODUCING THE EXHIBIT AW RANGE,1558582056,OK
Hana Knit | Black,64.95,,1558581857,OK
Kendra Culottes | Khaki,94.95,,1585193652,OK
Kendra Culottes | Rust,94.95,"High waisted culottes featuring a side zip, wide leg and soft weighted fabric. Team with the Kendra Blazer for the perfect look.",1585193970,OK
Kendra Blazer | Khaki,159.95,INTRODUCING THE EXHIBIT AW RANGE,1558579540,OK
Kendra Blazer | Rust,159.95,"For the woman that's equal parts business and fashion forward! The new Kendra Blazer is giving us all the girl boss vibes! Featuring a structured shape, gold button detailing and a super soft fabrication.",1558506859,OK
Toni Cami | Apricot,44.95,,1585266196,OK
Ava Tank Top | Steel,49.95,The perfect staple has arrived. The Ava Tank features an unbelievably lightweight fabric with a v-neckline and thick straps for the perfect layering piece.,1550025257,OK
Ava Tank Top | Blush,49.95,The perfect staple has arrived. The Ava Tank features an unbelievably lightweight fabric with a v-neckline and thick straps for the perfect layering piece.,1550025076,OK
Toni Cami | Black,44.95,,1550027888,OK
Brandi Denim Shorts | Denim,69.95,The perfect denim shorts have arrived. Featuring distressed patches along the thigh and a slight drop crotch- these high waisted shorts are the perfect fit!,1550023224,OK
Ava Tank Top | Black,49.95,The perfect staple has arrived. The Ava Tank features an unbelievably lightweight fabric with a v-neckline and thick straps for the perfect layering piece.,1550024724,OK
Ava Tank Top | White,49.95,The perfect staple has arrived. The Ava Tank features an unbelievably lightweight fabric with a v-neckline and thick straps for the perfect layering piece.,1550028428,OK
Jaymee Denim Skirt | White,74.95,Looking for the perfect Denim Skirt? The Jaymee Skirt is finally here! Featuring distressed patches and un-even hemline.,1585192750,OK
Jaymee Denim Skirt | Black,74.95,Looking for the perfect Denim Skirt? The Jaymee Skirt is finally here! Featuring distressed patches and un-even hemline.,1585192531,OK
Jaymee Denim Skirt | Denim,74.95,Looking for the perfect Denim Skirt? The Jaymee Skirt is finally here! Featuring distressed patches and un-even hemline.,1535937366,OK
