content,label,pos
"嗨，妳好，展開笑容揮手。這一向是我面對朋友親戚外人的第一反應。我想打完我至今的故事。因為也許那天，我就會逼自己選擇遺忘。在這之前，我想讓許多人知道。不要把你所看到的快樂當成沒事了。去年的聖誕節，我自殺了，早上7點，晚上才被閨蜜發現。據說那天，我理應當昏迷，卻還能回訊息給她們，不像我風格的事情，讓她們來我的租屋處，也發現我吃了快千顆的混合藥物加酒，還能站立幫她們開門，就像鬼片一樣可怕(￢д￢。)讓我們把時間倒轉到更之前。設定在10歲吧(｀ι _´メ)當時，家中人來來往往很複雜，因為我爸染毒，所以家裡也是充滿毒客與針頭。看著老爸吸毒，找血管打，就是日常。這也就是我童年的印象。在充滿沒有安全感之外，碰到毒，當然錢又是一個問題，所以我與我媽差點淪為交易品。幸好當時房門有鐵門與內鎖(๑‾᷅^‾᷅๑) 不過好景不常，那時候的我，看到我媽在浴室割腕自殺，一切像連續劇一樣，我面無表情蹲著為我媽包紮，異常冷靜。這件事情，卻成為我人格上分裂的因(´-ι_-｀) 也從那時候我開始出現撞頭的舉動。直到國中，家庭還是一樣的複雜。我開始詛咒著，那些人可以死光，我願意用我十年生命去換。不知道是怨念太深，或是他們用毒不當，真的都死光了，這時候我爸才回歸家庭。不過，他的身體卻已經是需要照顧的殘障人士。吸毒真的是大小便失禁，加上不舉。加上骨質脆化，所以當時一個不小心跌倒，就換髖關節了。精神狀態開始，因為他頭痛睡不著像瘋子一樣。於是被我們強制抓去醫院。醫生開了藥，只丟下一句話給我爸。吃了沒用，我這邊就只能綁住你了。吃了藥，我爸睡了3天。回想，越打着，心情越是沉重。讓我分成幾篇打完吧！都說到沉重，表示後續故事越是讓人不舒服ㄟ(▔ ,▔)ㄏ再次溫情呼籲，不要對重憂鬱與生病患者說。你還好嗎?請，請，請。對他說最近的你發生了些什麼事，我能知道嗎?待續下章(づ ●─● )づ不要說我變了，我只是為了保護自己!",1,"嗨-I,，-COMMACATEGORY,妳-Nh,好-VH,，-COMMACATEGORY,展開-VC,笑容-Na,揮手-VA,。-PERIODCATEGORY,這-Nep,一向-D,是-SHI,我-Nh,面對-VC,朋友-Na,親戚-Na,外人-Na,的-DE,第一-Neu,反應-Na,。-PERIODCATEGORY,我-Nh,想-VE,打完-VC,我-Nh,至今-D,的-DE,故事-Na,。-PERIODCATEGORY,因為-Cbb,也許-D,那-Nep,天-Nf,，-COMMACATEGORY,我-Nh,就-D,會-D,逼-VF,自己-Nh,選擇-VC,遺忘-VK,。-PERIODCATEGORY,在-P,這-Nep,之前-Ng,，-COMMACATEGORY,我-Nh,想-VE,讓-VL,許多-Neqa,人-Na,知道-VK,。-PERIODCATEGORY,不要-D,把-P,你-Nh,所-D,看到-VE,的-DE,快樂-Nv,當成-VG,沒-VJ,事-Na,了-T,。-PERIODCATEGORY,去年-Nd,的-DE,聖誕節-Nd,，-COMMACATEGORY,我-Nh,自殺-VA,了-Di,，-COMMACATEGORY,早上-Nd,7點-Nd,，-COMMACATEGORY,晚上-Nd,才-Da,被-P,閨蜜-Na,發現-VE,。-PERIODCATEGORY,據說-Dk,那-Nep,天-Nf,，-COMMACATEGORY,我-Nh,理應-D,當-VG,昏迷-VH,，-COMMACATEGORY,卻-D,還-D,能-D,回-VCL,訊息-Na,給-VD,她們-Nh,，-COMMACATEGORY,不-D,像-P,我-Nh,風格-Na,的-DE,事情-Na,，-COMMACATEGORY,讓-VL,她們-Nh,來-VA,我-Nh,的-DE,租屋處-Nc,，-COMMACATEGORY,也-D,發現-VE,我-Nh,吃-VC,了-Di,快-D,千-Neu,顆-Nf,的-DE,混合-VC,藥物-Na,加-VC,酒-Na,，-COMMACATEGORY,還-D,能-D,站立-VA,幫-P,她們-Nh,開門-VA,，-COMMACATEGORY,就-D,像-P,鬼片-Na,一樣-Ng,可怕-VH,(-PARENTHESISCATEGORY,￢-FW,д￢-Na,。-PERIODCATEGORY,)-PARENTHESISCATEGORY,讓-VL,我們-Nh,把-P,時間-Na,倒轉到-VC,更-Dfa,之前-Nd,。-PERIODCATEGORY,設定-VC,在-P,10-Neu,歲-Nf,吧-T,(-PARENTHESISCATEGORY,｀ι _´-FW,メ-FW,)-PARENTHESISCATEGORY,當時-Nd,，-COMMACATEGORY,家-Nc,中-Ncd,人-Na,來來往往-VA,很-Dfa,複雜-VH,，-COMMACATEGORY,因為-Cbb,我-Nh,爸-Na,染毒-VA,，-COMMACATEGORY,所以-Cbb,家-Nc,裡-Ncd,也-D,是-SHI,充滿-VJ,毒客-Na,與-Caa,針頭-Na,。-PERIODCATEGORY,看-VC,著-Di,老爸-Na,吸毒-VA,，-COMMACATEGORY,找-VC,血管-Na,打-VC,，-COMMACATEGORY,就是-Cbb,日常-Nd,。-PERIODCATEGORY,這-Nep,也-D,就-D,是-SHI,我-Nh,童年-Na,的-DE,印象-Na,。-PERIODCATEGORY,在-P,充滿-VJ,沒有-VJ,安全感-Na,之外-Ng,，-COMMACATEGORY,碰到-VC,毒-Na,，-COMMACATEGORY,當然-D,錢-Na,又-D,是-SHI,一-Neu,個-Nf,問題-Na,，-COMMACATEGORY,所以-Cbb,我-Nh,與-P,我-Nh,媽-Na,差點-D,淪為-VG,交易品-Na,。-PERIODCATEGORY,幸好-D,當時-Nd,房門-Na,有-V_2,鐵門-Na,與-Caa,內鎖-Na,(-PARENTHESISCATEGORY,๑‾᷅^‾᷅๑-FW,)-PARENTHESISCATEGORY, -WHITESPACE,不過-Cbb,好景不常-VH,，-COMMACATEGORY,那-Nep,時候-Na,的-DE,我-Nh,，-COMMACATEGORY,看到-VE,我-Nh,媽-Na,在-P,浴室-Nc,割腕-VA,自殺-VA,，-COMMACATEGORY,一切-Neqa,像-P,連續劇-Na,一樣-VH,，-COMMACATEGORY,我-Nh,面-Na,無-VJ,表情-Na,蹲-VA,著-Di,為-P,我-Nh,媽-Na,包紮-VC,，-COMMACATEGORY,異常-Dfa,冷靜-VH,。-PERIODCATEGORY,這-Nep,件-Nf,事情-Na,，-COMMACATEGORY,卻-D,成為-VG,我-Nh,人格-Na,上-Ng,分裂-VHC,的-DE,因-Na,(-PARENTHESISCATEGORY,´-ι_-｀-FW,)-PARENTHESISCATEGORY, -WHITESPACE,也-D,從-P,那-Nep,時候-Na,我-Nh,開始-VL,出現-VH,撞頭-VA,的-DE,舉動-Na,。-PERIODCATEGORY,直到-P,國中-Nc,，-COMMACATEGORY,家庭-Na,還是-D,一樣-VH,的-DE,複雜-VH,。-PERIODCATEGORY,我-Nh,開始-VL,詛咒-VC,著-Di,，-COMMACATEGORY,那些-Neqa,人-Na,可以-D,死光-VH,，-COMMACATEGORY,我-Nh,願意-VK,用-P,我-Nh,十-Neu,年-Nf,生命-Na,去-D,換-VC,。-PERIODCATEGORY,不-D,知道-VK,是-SHI,怨念-Na,太-Dfa,深-VH,，-COMMACATEGORY,或是-Caa,他們-Nh,用-VC,毒-Na,不當-VH,，-COMMACATEGORY,真的-D,都-D,死光-VH,了-T,，-COMMACATEGORY,這-Nep,時候-Na,我-Nh,爸-Na,才-Da,回歸-VCL,家庭-Na,。-PERIODCATEGORY,不過-Cbb,，-COMMACATEGORY,他-Nh,的-DE,身體-Na,卻-D,已經-D,是-SHI,需要-VK,照顧-VC,的-DE,殘障-VH,人士-Na,。-PERIODCATEGORY,吸毒-VA,真的-D,是-SHI,大小便-VA,失禁-VA,，-COMMACATEGORY,加上-Cbb,不-D,舉-VC,。-PERIODCATEGORY,加上-Cbb,骨質-Na,脆化-VHC,，-COMMACATEGORY,所以-Cbb,當時-Nd,一-Neu,個-Nf,不-D,小心-VK,跌倒-VA,，-COMMACATEGORY,就-D,換-VC,髖-Na,關節-Na,了-T,。-PERIODCATEGORY,精神-Na,狀態-Na,開始-VH,，-COMMACATEGORY,因為-Cbb,他-Nh,頭痛-VH,睡-VH,不-D,著-VH,像-P,瘋子-Na,一樣-VH,。-PERIODCATEGORY,於是-Cbb,被-P,我們-Nh,強制-D,抓去-VC,醫院-Nc,。-PERIODCATEGORY,醫生-Na,開-VC,了-Di,藥-Na,，-COMMACATEGORY,只-Da,丟下-VC,一-Neu,句-Nf,話-Na,給-VD,我-Nh,爸-Na,。-PERIODCATEGORY,吃-VC,了-Di,沒用-VH,，-COMMACATEGORY,我-Nh,這邊-Ncd,就-D,只-Da,能-D,綁住-VC,你-Nh,了-T,。-PERIODCATEGORY,吃-VC,了-Di,藥-Na,，-COMMACATEGORY,我-Nh,爸-Na,睡-VA,了-Di,3-Neu,天-Nf,。-PERIODCATEGORY,回想-VE,，-COMMACATEGORY,越-D,打着-VA,，-COMMACATEGORY,心情-Na,越-D,是-SHI,沉重-VH,。-PERIODCATEGORY,讓-VL,我-Nh,分成-VG,幾-Neu,篇-Nf,打完-VC,吧-T,！-EXCLAMATIONCATEGORY,都-D,說到-VE,沉重-VH,，-COMMACATEGORY,表示-VE,後續-A,故事-Na,越-D,是-SHI,讓-VL,人-Na,不-D,舒服-VH,ㄟ-FW,(-PARENTHESISCATEGORY,▔ ,▔-FW,)-PARENTHESISCATEGORY,ㄏ-FW,再次-D,溫情-Na,呼籲-VE,，-COMMACATEGORY,不要-D,對-P,重-VH,憂鬱-VH,與-Caa,生病-VH,患者-Na,說-VE,。-PERIODCATEGORY,你-Nh,還好-VH,嗎-T,?-QUESTIONCATEGORY,請-VF,，-COMMACATEGORY,請-VF,，-COMMACATEGORY,請-VF,。-PERIODCATEGORY,對-P,他-Nh,說-VE,最近-Nd,的-DE,你-Nh,發生-VJ,了-Di,些-Nf,什麼-Nep,事-Na,，-COMMACATEGORY,我-Nh,能-D,知道-VK,嗎-T,?-QUESTIONCATEGORY,待續-VH,下-Nes,章-Na,(-PARENTHESISCATEGORY,づ-FW, ●─● -FW,)-PARENTHESISCATEGORY,づ-FW,不要-D,說-VE,我-Nh,變-VH,了-T,，-COMMACATEGORY,我-Nh,只是-D,為-P,了-Di,保護-VC,自己-Nh,!-EXCLAMATIONCATEGORY"
最近陷入低潮，這低潮沒有人知道因為我還沒有勇氣對身邊的人提起人群恐慌症重度憂鬱症光是練習說出這八個字，眼淚就不受控制因為學生時期的言語霸凌讓我擁有對人群的恐慌起初並不是這麼明顯直到後期太多感受讓我覺得快窒息並且痛苦不已才知道原來自己對於不熟悉的人群有多麼恐慌但到現在就連每天會見面的同事 混雜在他們之中開會也會讓我焦慮不已離開學生生活離開傷害我的人我以為我可以擺脫那些焦慮、憂鬱及痛苦但出社會後才是真正憂鬱的開始在一個環境裡如果你做的事情永遠只得到負面評價聽久了會質疑自己也會認定自己就是這麼糟糕當自己再次聽見稱讚的聲音與好的評價時也會懷疑自己是否值得、是否有資格接受這樣的評價第一次陷入憂鬱是學生時期的那場霸凌讓我站在頂樓上想要直接與這個世界說不再見但我心中還存在著不甘心 還想證明自己不是他們所說的那樣還好理智還在 第二次陷入憂鬱是出社會時很常在晚上崩潰的大哭但隔天卻又必須裝得像沒哭過一樣眼睛腫了就笑著說是前天晚上沒睡好啦！但這樣的謊言 一下就被身邊的人識破他們告訴我有情緒不要忍著 哭沒有關係 一直忍受著才有關係所以我因為他們學會表達自己的情緒這對我而言非常困難 我很感謝身邊的人但.....我從沒想過我第三次陷入憂鬱是因為他們直到現在我也無法和誰清楚的訴說這些心情因為在很多人眼裡我們的關係很好我不否認這一切也沒忘記他們曾經帶給我的一切只是我更忘不掉他們所給予我的傷害與壓力所以我再次封閉自己的心一樣在夜晚裡會崩潰的大哭一樣在夜晚裡會想離開這個世界一樣會暗自想好該如何和身邊的人道別一樣回到不再表達自己心情的那時候一樣每天都想死，覺得不是今天就是明天不是明天，就是近期某個時候反正你們不會知道反正關心我的人也不會知道所以我在這裡說出來我所想說的事以及我所無法表達出來的心情如果有一天我離開請你們不要覺得自責也不要覺得難受因為在很多時候我也會有相同的自責與難受我很喜歡你們但因為太喜歡你們所以我不得不自私的把自己從這個世界刪除掉因為我是個容易帶給你們麻煩的人也是個容易讓你們覺得困擾的人如果有一天我有勇氣對你們坦白這一切那我也勢必要做出你們可能會離開我的心理準備這樣的症狀與狀態是很容易讓你們感到疲憊的因為喜歡你們 所以我寧願選擇隱瞞但也因為喜歡你們 我很想鼓起勇氣說出來絕對不是為了得到你們的理解而是想讓你們知道有些狀態不是我所能控制的所以很抱歉很抱歉我還沒有勇氣說出來很抱歉狀態不好時為你們帶來的困擾如果有一天我離開希望你們能夠知道我真的真的很喜歡你們。,1,"最近-Nd,陷入-VCL,低潮-Na,，-COMMACATEGORY,這-Nep,低潮-Na,沒有-VJ,人-Na,知道-VK,因為-Cbb,我-Nh,還-D,沒有-VJ,勇氣-Na,對-P,身邊-Nc,的-DE,人-Na,提起-VE,人群-Na,恐慌症-Na,重度-A,憂鬱症-Na,光-Da,是-SHI,練習-VC,說出-VE,這-Nep,八-Neu,個-Nf,字-Na,，-COMMACATEGORY,眼淚-Na,就-D,不-D,受-P,控制-VC,因為-Cbb,學生-Na,時期-Na,的-DE,言語-Na,霸凌-VA,讓-VL,我-Nh,擁有-VJ,對-P,人群-Na,的-DE,恐慌-VH,起初-D,並-D,不-D,是-SHI,這麼-Dfa,明顯-VH,直到-P,後期-Nd,太多-Neqa,感受-Na,讓-VL,我-Nh,覺得-VK,快-D,窒息-VH,並且-Cbb,痛苦-VH,不已-Dfb,才-Da,知道-VK,原來-D,自己-Nh,對於-P,不-D,熟悉-VJ,的-DE,人群-Na,有-V_2,多麼-Dfa,恐慌-VH,但-Cbb,到-P,現在-Nd,就-D,連-Cbb,每-Nes,天-Nf,會-D,見面-VA,的-DE,同事-Na, -WHITESPACE,混雜-VJ,在-P,他們-Nh,之中-Ng,開會-VA,也-D,會-D,讓-VL,我-Nh,焦慮-VH,不已-Dfb,離開-VC,學生-Na,生活-Na,離開-VC,傷害-VC,我-Nh,的-DE,人-Na,我-Nh,以為-VE,我-Nh,可以-D,擺脫-VC,那些-Neqa,焦慮-VH,、-PAUSECATEGORY,憂鬱-VH,及-Caa,痛苦-VH,但-Cbb,出-VC,社會-Na,後-Ng,才-Da,是-SHI,真正-D,憂鬱-VH,的-DE,開始-VH,在-P,一-Neu,個-Nf,環境-Na,裡-Ncd,如果-Cbb,你-Nh,做-VC,的-DE,事情-Na,永遠-D,只-Da,得到-VJ,負面-Na,評價-Na,聽-VE,久-VH,了-Di,會-D,質疑-VE,自己-Nh,也-D,會-D,認定-VE,自己-Nh,就是-Cbb,這麼-Dfa,糟糕-VH,當-P,自己-Nh,再次-D,聽見-VE,稱讚-VE,的-DE,聲音-Na,與-Caa,好-VH,的-DE,評價-Na,時-Ng,也-D,會-D,懷疑-VK,自己-Nh,是否-D,值得-VH,、-PAUSECATEGORY,是否-D,有-V_2,資格-Na,接受-VC,這樣-VH,的-DE,評價-Na,第一-Neu,次-Nf,陷入-VCL,憂鬱-VH,是-SHI,學生-Na,時期-Na,的-DE,那-Nep,場-Nf,霸凌-VA,讓-VL,我-Nh,站-VA,在-P,頂樓-Nc,上-Ncd,想要-VE,直接-VH,與-Caa,這-Nep,個-Nf,世界-Nc,說-VE,不再-D,見-VE,但-Cbb,我-Nh,心-Na,中-Ng,還-D,存在-VA,著-Di,不-D,甘心-VK, -WHITESPACE,還-D,想-VE,證明-VE,自己-Nh,不-D,是-SHI,他們-Nh,所-D,說-VE,的-DE,那樣-VH,還好-D,理智-Na,還-D,在-P, -WHITESPACE,第二-Neu,次-Nf,陷入-VCL,憂鬱-VH,是-SHI,出-VC,社會-Na,時-Ng,很-Dfa,常-D,在-P,晚上-Nd,崩潰-VH,的-DE,大哭-VA,但-Cbb,隔天-Nd,卻-D,又-D,必須-D,裝-VF,得-DE,像-VG,沒-D,哭-VA,過-Di,一樣-VH,眼睛-Na,腫-VH,了-Di,就-D,笑-VA,著-Di,說-VE,是-SHI,前天-Nd,晚上-Nd,沒-D,睡好-VA,啦-T,！-EXCLAMATIONCATEGORY,但-Cbb,這樣-VH,的-DE,謊言-Na, -WHITESPACE,一下-Nd,就-D,被-P,身邊-Nc,的-DE,人-Na,識破-VE,他們-Nh,告訴-VE,我-Nh,有-V_2,情緒-Na,不要-D,忍-VJ,著-Di, -WHITESPACE,哭-VA,沒有-VJ,關係-Na, -WHITESPACE,一直-D,忍受-VK,著-Di,才-Da,有-V_2,關係-Na,所以-Cbb,我-Nh,因為-Cbb,他們-Nh,學會-VC,表達-VC,自己-Nh,的-DE,情緒-Na,這-Nep,對-P,我-Nh,而言-Ng,非常-Dfa,困難-VH, -WHITESPACE,我-Nh,很-Dfa,感謝-VK,身邊-Nc,的-DE,人-Na,但-Cbb,.-PERIODCATEGORY,.-PERIODCATEGORY,.-PERIODCATEGORY,.-PERIODCATEGORY,.-PERIODCATEGORY,我-Nh,從-D,沒-D,想-VE,過-Di,我-Nh,第三-Neu,次-Nf,陷入-VCL,憂鬱-VH,是-SHI,因為-Cbb,他們-Nh,直到-P,現在-Nd,我-Nh,也-D,無法-D,和-P,誰-Nh,清楚-VH,的-DE,訴說-VE,這些-Neqa,心情-Na,因為-Cbb,在-P,很多-Neqa,人-Na,眼-Na,裡-Ncd,我們-Nh,的-DE,關係-Na,很-Dfa,好-VH,我-Nh,不-D,否認-VE,這-Nep,一切-Neqa,也-D,沒-D,忘記-VK,他們-Nh,曾經-D,帶給-VD,我-Nh,的-DE,一切-Neqa,只是-D,我-Nh,更-Dfa,忘-VK,不-D,掉-VK,他們-Nh,所-D,給予-VD,我-Nh,的-DE,傷害-Na,與-Caa,壓力-Na,所以-Cbb,我-Nh,再次-D,封閉-VC,自己-Nh,的-DE,心-Na,一樣-VH,在-P,夜晚-Nd,裡-Ng,會-D,崩潰-VH,的-DE,大哭-VA,一樣-VH,在-P,夜晚-Nd,裡-Ng,會-D,想-VE,離開-VC,這-Nep,個-Nf,世界-Nc,一樣-VH,會-D,暗自-D,想好-VE,該-D,如何-D,和-P,身邊-Nc,的-DE,人道別-Na,一樣-Ng,回到-VCL,不再-D,表達-VC,自己-Nh,心情-Na,的-DE,那-Nep,時候-Na,一樣-VH,每-Nes,天-Nf,都-D,想-VE,死-VH,，-COMMACATEGORY,覺得-VK,不-D,是-SHI,今天-Nd,就-D,是-SHI,明天-Nd,不-D,是-SHI,明天-Nd,，-COMMACATEGORY,就是-Cbb,近期-Nd,某-Nes,個-Nf,時候-Na,反正-D,你們-Nh,不會-D,知道-VK,反正-D,關心-VK,我-Nh,的-DE,人-Na,也-D,不會-D,知道-VK,所以-Cbb,我-Nh,在-P,這裡-Ncd,說出來-VB,我-Nh,所-D,想-VE,說-VE,的-DE,事-Na,以及-Caa,我-Nh,所-D,無法-D,表達出來-VB,的-DE,心情-Na,如果-Cbb,有-V_2,一-Neu,天-Nf,我-Nh,離開-VC,請-VF,你們-Nh,不要-D,覺得-VK,自責-VA,也-D,不要-D,覺得-VK,難受-VH,因為-Cbb,在-P,很多-Neqa,時候-Na,我-Nh,也-D,會-D,有-V_2,相同-VH,的-DE,自責-VA,與-Caa,難受-VH,我-Nh,很-Dfa,喜歡-VK,你們-Nh,但-Cbb,因為-Cbb,太-Dfa,喜歡-VK,你們-Nh,所以-Cbb,我-Nh,不得不-D,自私-VH,的-DE,把-P,自己-Nh,從-P,這-Nep,個-Nf,世界-Nc,刪除掉-VC,因為-Cbb,我-Nh,是-SHI,個-Nf,容易-VH,帶給-VD,你們-Nh,麻煩-VHC,的-DE,人-Na,也-D,是-SHI,個-Nf,容易-VH,讓-VL,你們-Nh,覺得-VK,困擾-Na,的-DE,人-Na,如果-Cbb,有-V_2,一-Neu,天-Nf,我-Nh,有-V_2,勇氣-Na,對-P,你們-Nh,坦白-VH,這-Nep,一切-Neqa,那-Nep,我-Nh,也-D,勢必-D,要-D,做出-VC,你們-Nh,可能-D,會-D,離開-VC,我-Nh,的-DE,心理-Na,準備-VC,這樣-VH,的-DE,症狀-Na,與-Caa,狀態-Na,是-SHI,很-Dfa,容易-VH,讓-VL,你們-Nh,感到-VK,疲憊-VH,的-DE,因為-Cbb,喜歡-VK,你們-Nh, -WHITESPACE,所以-Cbb,我-Nh,寧願-VK,選擇-VC,隱瞞-VC,但-Cbb,也-D,因為-Cbb,喜歡-VK,你們-Nh, -WHITESPACE,我-Nh,很-Dfa,想-VE,鼓起-VC,勇氣-Na,說出來-VB,絕對-D,不-D,是-SHI,為了-P,得到-VJ,你們-Nh,的-DE,理解-VK,而是-Cbb,想-VE,讓-VL,你們-Nh,知道-VK,有-V_2,些-Nf,狀態-Na,不-D,是-SHI,我-Nh,所-D,能-D,控制-VC,的-DE,所以-Cbb,很-Dfa,抱歉-VK,很-Dfa,抱歉-VK,我-Nh,還-D,沒有-VJ,勇氣-Na,說出來-VB,很-Dfa,抱歉-VK,狀態-Na,不-D,好-VH,時-Ng,為-P,你們-Nh,帶來-VC,的-DE,困擾-Na,如果-Cbb,有-V_2,一-Neu,天-Nf,我-Nh,離開-VC,希望-Na,你們-Nh,能夠-D,知道-VK,我-Nh,真的-D,真的-D,很-Dfa,喜歡-VK,你們-Nh,。-PERIODCATEGORY"
本人20歲，是個重度憂鬱症的患者曾經自殺被阻止過，也好幾個月都不出門由於家庭因素、國小(中)被霸凌、單親家庭等等的使我成為完美主義者，凡事我都要求自己要非常完美即使心裡知道世上不會有所謂的完美，也是堅持以前到現在都一樣我喜歡把所有的壓力，放在我身上因為...我覺得我沒有壓力就感受不到痛苦，當我感受不到時，就是個沒用的人以前的我寧願要有痛苦，也不要感覺到沒用處。已經回診了好幾次了，也重複吃過許多一樣的藥醫生與醫院的社工，曾經想嘗試與我解開心裡的結想要讓我快樂的活著，然而醫生與社工們都無能為力只能一次次的回診拿藥，於是最近我下定決心申請了心理醫生我一直在想快樂到底是什麼？什麼是真正的開心？還有我是誰？我是什麼樣的人？如果連我都找不到自己是誰，我要如何快樂？我曾經問過，你覺得什麼是快樂？有人說，安逸的人生就是快樂有人說，刺激的人生就是快樂有人說，逃避的人生就是快樂有人則是告訴我，結束這一生才是快樂也許不管這些是不是正確的答案對他們來說都是，真正的快樂我痛苦的不是還找不到快樂，而是我要怎麼找到喜歡給自己壓力，沒有壓力我只是廢人但是卻又沒辦法達到期望，成為個完美的人。對重度憂鬱症患者來說，最痛苦的不是沒辦法自殺而是我無法解決這份痛苦。現在連我最喜歡的撞球運動，都已變成了壓力剛得重度憂鬱症時的我，總是保持著放鬆的心情打球到了現在，我卻又把我僅剩的放鬆來源變成壓力我開始每天都要求我自己，明天一定要馬上變完美真的不知道怎麼辦了...人們總是認為憂鬱症是自己多想的但是我想說我只是想解決這份痛苦。,1,"本人-Nh,20-Neu,歲-Nf,，-COMMACATEGORY,是-SHI,個-Nf,重度-A,憂鬱症-Na,的-DE,患者-Na,曾經-D,自殺-VA,被-P,阻止-VC,過-Di,，-COMMACATEGORY,也-D,好幾-Neu,個-Nf,月-Na,都-D,不-D,出門-VA,由於-Cbb,家庭-Na,因素-Na,、-PAUSECATEGORY,國小-Nc,(-PARENTHESISCATEGORY,中-Ncd,)-PARENTHESISCATEGORY,被-P,霸凌-VA,、-PAUSECATEGORY,單親-Na,家庭-Na,等等-Cab,的-DE,使-VL,我-Nh,成為-VG,完美-VH,主義-Na,者-Na,，-COMMACATEGORY,凡事-Na,我-Nh,都-D,要求-VF,自己-Nh,要-D,非常-Dfa,完美-VH,即使-Cbb,心-Na,裡-Ng,知道-VK,世上-Nc,不會-D,有-V_2,所謂-VK,的-DE,完美-VH,，-COMMACATEGORY,也-D,是-SHI,堅持-VK,以前-Nd,到-P,現在-Nd,都-D,一樣-VH,我-Nh,喜歡-VK,把-P,所有-Neqa,的-DE,壓力-Na,，-COMMACATEGORY,放-VC,在-P,我-Nh,身-Na,上-Ng,因為-Cbb,.-PERIODCATEGORY,.-PERIODCATEGORY,.-PERIODCATEGORY,我-Nh,覺得-VK,我-Nh,沒有-VJ,壓力-Na,就-D,感受-VK,不-D,到-VK,痛苦-VH,，-COMMACATEGORY,當-P,我-Nh,感受-VK,不-D,到-VK,時-Ng,，-COMMACATEGORY,就-D,是-SHI,個-Nf,沒用-VH,的-DE,人-Na,以前-Nd,的-DE,我-Nh,寧願-VK,要-D,有-V_2,痛苦-VH,，-COMMACATEGORY,也-D,不要-D,感覺到-VK,沒用處-Nc,。-PERIODCATEGORY,已經-D,回診-VA,了-Di,好幾-Neu,次-Nf,了-T,，-COMMACATEGORY,也-D,重複-D,吃-VC,過-Di,許多-Neqa,一樣-VH,的-DE,藥-Na,醫生-Na,與-Caa,醫院-Nc,的-DE,社工-Na,，-COMMACATEGORY,曾經-D,想-VE,嘗試-VF,與-P,我-Nh,解開-VC,心-Na,裡-Ng,的-DE,結-VC,想要-VE,讓-VL,我-Nh,快樂-VH,的-DE,活-VH,著-Di,，-COMMACATEGORY,然而-Cbb,醫生-Na,與-Caa,社工-Na,們-Na,都-D,無能為力-VH,只-Da,能-D,一次次-Neqa,的-DE,回診-VA,拿-VC,藥-Na,，-COMMACATEGORY,於是-Cbb,最近-Nd,我-Nh,下定決心-VA,申請-VF,了-Di,心理-Na,醫生-Na,我-Nh,一直-D,在-D,想-VE,快樂-VH,到底-D,是-SHI,什麼-Nep,？-QUESTIONCATEGORY,什麼-Nep,是-SHI,真正-A,的-DE,開心-VH,？-QUESTIONCATEGORY,還-D,有-V_2,我-Nh,是-SHI,誰-Nh,？-QUESTIONCATEGORY,我-Nh,是-SHI,什麼-Nep,樣-Nf,的-DE,人-Na,？-QUESTIONCATEGORY,如果-Cbb,連-Cbb,我-Nh,都-D,找-VC,不-D,到-VC,自己-Nh,是-SHI,誰-Nh,，-COMMACATEGORY,我-Nh,要-D,如何-D,快樂-VH,？-QUESTIONCATEGORY,我-Nh,曾經-D,問-VE,過-Di,，-COMMACATEGORY,你-Nh,覺得-VK,什麼-Nep,是-SHI,快樂-VH,？-QUESTIONCATEGORY,有-V_2,人-Na,說-VE,，-COMMACATEGORY,安逸-VH,的-DE,人生-Na,就-D,是-SHI,快樂-VH,有-V_2,人-Na,說-VE,，-COMMACATEGORY,刺激-VH,的-DE,人生-Na,就-D,是-SHI,快樂-VH,有-V_2,人-Na,說-VE,，-COMMACATEGORY,逃避-VC,的-DE,人生-Na,就-D,是-SHI,快樂-VH,有-V_2,人-Na,則-D,是-SHI,告訴-VE,我-Nh,，-COMMACATEGORY,結束-VHC,這-Nep,一生-Na,才-Da,是-SHI,快樂-VH,也許-D,不管-Cbb,這些-Neqa,是-SHI,不-D,是-SHI,正確-VH,的-DE,答案-Na,對-P,他們-Nh,來-D,說-VE,都-D,是-SHI,，-COMMACATEGORY,真正-A,的-DE,快樂-VH,我-Nh,痛苦-VH,的-DE,不-D,是-SHI,還-D,找-VC,不-D,到-VC,快樂-VH,，-COMMACATEGORY,而是-Cbb,我-Nh,要-D,怎麼-D,找到-VC,喜歡-VK,給-VD,自己-Nh,壓力-Na,，-COMMACATEGORY,沒有-VJ,壓力-Na,我-Nh,只是-D,廢人-Na,但是-Cbb,卻-D,又-D,沒辦法-VI,達到-VJ,期望-Na,，-COMMACATEGORY,成為-VG,個-Di,完美-VH,的-DE,人-Na,。-PERIODCATEGORY,對-P,重度-A,憂鬱症-Na,患者-Na,來-D,說-VE,，-COMMACATEGORY,最-Dfa,痛苦-VH,的-DE,不-D,是-SHI,沒辦法-VI,自殺-VA,而是-Cbb,我-Nh,無法-D,解決-VC,這-Nep,份-Nf,痛苦-VH,。-PERIODCATEGORY,現在-Nd,連-Cbb,我-Nh,最-Dfa,喜歡-VK,的-DE,撞球-VA,運動-Na,，-COMMACATEGORY,都-D,已-D,變成-VG,了-Di,壓力-Na,剛-D,得-VJ,重度-A,憂鬱症-Na,時-Ng,的-DE,我-Nh,，-COMMACATEGORY,總是-D,保持-VJ,著-Di,放鬆-VHC,的-DE,心情-Na,打球-VA,到-VCL,了-Di,現在-Nd,，-COMMACATEGORY,我-Nh,卻-D,又-D,把-P,我-Nh,僅-Da,剩-VJ,的-DE,放鬆-VHC,來源-Na,變成-VG,壓力-Na,我-Nh,開始-VL,每-Nes,天-Nf,都-D,要求-VF,我-Nh,自己-Nh,，-COMMACATEGORY,明天-Nd,一定-D,要-D,馬上-D,變-VG,完美-VH,真的-D,不-D,知道-VK,怎麼辦-VH,了-T,.-PERIODCATEGORY,.-PERIODCATEGORY,.-PERIODCATEGORY,人們-Na,總是-D,認為-VE,憂鬱症-Na,是-SHI,自己-Nh,多-D,想-VE,的-DE,但是-Cbb,我-Nh,想說-VE,我-Nh,只是-D,想-VE,解決-VC,這-Nep,份-Nf,痛苦-VH,。-PERIODCATEGORY"
去年的時候，我自殺了。最近，家裡鬧得很兇，很厲害。我選擇封鎖，因為每天，我的手機一直響。這舉動，引來我親戚的反應。批判我，自私，狠心。其實，要我怎麼去做？在這些事情，我也無能為力之下，我要怎麼辦？所以，我選擇，把我親戚也全部封鎖。家庭，原本是一個可以放鬆的避風港。對我，卻是充滿未爆彈的雷區，不時的就是依賴我去解決問題，做溝通。吸收全部的情緒，而我剛好是不會拿自己情緒，去影響別人的個性。慢慢的，我又爆了。覺得自己沒用，可笑，出席率降低。跟老師說，我復發了！其實老師也不知道回什麼吧…保重。這時候的我，攤在床上。摸摸貓。看到了這一篇文章。https://www.google.com.tw/amp/s/www.storm.mg/amparticle/423022請不要對我們說，想太多。,1,"去年-Nd,的-DE,時候-Na,，-COMMACATEGORY,我-Nh,自殺-VA,了-Di,。-PERIODCATEGORY,最近-Nd,，-COMMACATEGORY,家-Nc,裡-Ncd,鬧-VC,得-DE,很-Dfa,兇-VH,，-COMMACATEGORY,很-Dfa,厲害-VH,。-PERIODCATEGORY,我-Nh,選擇-VC,封鎖-VC,，-COMMACATEGORY,因為-Cbb,每-Nes,天-Nf,，-COMMACATEGORY,我-Nh,的-DE,手機-Na,一直-D,響-VH,。-PERIODCATEGORY,這-Nep,舉動-Na,，-COMMACATEGORY,引來-VC,我-Nh,親戚-Na,的-DE,反應-Na,。-PERIODCATEGORY,批判-VC,我-Nh,，-COMMACATEGORY,自私-VH,，-COMMACATEGORY,狠心-VH,。-PERIODCATEGORY,其實-D,，-COMMACATEGORY,要-D,我-Nh,怎麼-D,去-D,做-VC,？-QUESTIONCATEGORY,在-P,這些-Neqa,事情-Na,，-COMMACATEGORY,我-Nh,也-D,無能為力-VH,之下-Ng,，-COMMACATEGORY,我-Nh,要-D,怎麼辦-VH,？-QUESTIONCATEGORY,所以-Cbb,，-COMMACATEGORY,我-Nh,選擇-VC,，-COMMACATEGORY,把-P,我-Nh,親戚-Na,也-D,全部-Neqa,封鎖-VC,。-PERIODCATEGORY,家庭-Na,，-COMMACATEGORY,原本-D,是-SHI,一-Neu,個-Nf,可以-D,放鬆-VHC,的-DE,避風港-Nc,。-PERIODCATEGORY,對-P,我-Nh,，-COMMACATEGORY,卻-D,是-SHI,充滿-VJ,未-D,爆彈-Na,的-DE,雷區-Nc,，-COMMACATEGORY,不時-D,的-DE,就是-Cbb,依賴-VK,我-Nh,去-D,解決-VC,問題-Na,，-COMMACATEGORY,做-VC,溝通-VC,。-PERIODCATEGORY,吸收-VC,全部-Neqa,的-DE,情緒-Na,，-COMMACATEGORY,而-Cbb,我-Nh,剛好-Da,是-SHI,不會-D,拿-VC,自己-Nh,情緒-Na,，-COMMACATEGORY,去-D,影響-VC,別人-Nh,的-DE,個性-Na,。-PERIODCATEGORY,慢慢-VH,的-T,，-COMMACATEGORY,我-Nh,又-D,爆-VH,了-T,。-PERIODCATEGORY,覺得-VK,自己-Nh,沒用-VH,，-COMMACATEGORY,可笑-VH,，-COMMACATEGORY,出席率-Na,降低-VHC,。-PERIODCATEGORY,跟-P,老師-Na,說-VE,，-COMMACATEGORY,我-Nh,復發-VH,了-T,！-EXCLAMATIONCATEGORY,其實-D,老師-Na,也-D,不-D,知道-VK,回-VD,什麼-Nep,吧-T,…-ETCCATEGORY,保重-VJ,。-PERIODCATEGORY,這-Nep,時候-Na,的-DE,我-Nh,，-COMMACATEGORY,攤-VC,在-P,床-Na,上-Ncd,。-PERIODCATEGORY,摸摸-VC,貓-Na,。-PERIODCATEGORY,看到-VE,了-Di,這-Nep,一-Neu,篇-Nf,文章-Na,。-PERIODCATEGORY,https://www.google.-FW,com.tw/amp/s/www.storm.mg/amparticle/423022-FW,請-VF,不要-D,對-P,我們-Nh,說-VE,，-COMMACATEGORY,想-VE,太多-VH,。-PERIODCATEGORY"
男友是一個重度憂鬱.焦慮症的患者...有去看過身心科了但藥量一直增加（大概持續吃一年多了）常常會胸痛.頭痛.心臟痛......每次都要吃很多顆止痛藥才能止痛也曾自殺但被救起來也曾突然休克.昏迷男友說：我隨時都有可能因為喘不過ㄧ口氣而死            醫生說我活不久了我該怎麼幫他....？帶他去找別間身心科和找心理諮商嗎？台中有什麼推薦的嗎....？,1,"男友-Na,是-SHI,一-Neu,個-Nf,重度-A,憂鬱-VH,.-PERIODCATEGORY,焦慮症-Na,的-DE,患者-Na,.-PERIODCATEGORY,.-PERIODCATEGORY,.-PERIODCATEGORY,有-V_2,去-D,看過-VC,身心科-Nc,了-T,但-Cbb,藥量-Na,一直-D,增加-VHC,（-PARENTHESISCATEGORY,大概-D,持續-VL,吃-VC,一-Neu,年-Nf,多-Neqb,了-T,）-PARENTHESISCATEGORY,常常-D,會-D,胸-Na,痛-VH,.-PERIODCATEGORY,頭痛-VH,.-PERIODCATEGORY,心臟痛-Na,.-PERIODCATEGORY,.-PERIODCATEGORY,.-PERIODCATEGORY,.-PERIODCATEGORY,.-PERIODCATEGORY,.-PERIODCATEGORY,每-Nes,次-Nf,都-D,要-D,吃-VC,很多-Neqa,顆-Nf,止痛藥-Na,才-Da,能-D,止痛-VB,也-D,曾-D,自殺-VA,但-Cbb,被-P,救起來-VB,也-D,曾-D,突然-D,休克-VH,.-PERIODCATEGORY,昏迷-VH,男友-Na,說-VE,：-COLONCATEGORY,我-Nh,隨時-D,都-D,有-V_2,可能-Na,因為-Cbb,喘-VA,不-D,過-Di,ㄧ-Neu,口-Nf,氣-Na,而-Cbb,死-VH,            -WHITESPACE,醫生-Na,說-VE,我-Nh,活-VH,不久-Nd,了-T,我-Nh,該-D,怎麼-D,幫-VC,他-Nh,.-PERIODCATEGORY,.-PERIODCATEGORY,.-PERIODCATEGORY,.-PERIODCATEGORY,？-QUESTIONCATEGORY,帶-VC,他-Nh,去-D,找-VC,別-Nes,間-Nf,身心科-Nc,和-Caa,找-VC,心理-Na,諮商-VE,嗎-T,？-QUESTIONCATEGORY,台中-Nc,有-V_2,什麼-Nep,推薦-VC,的-T,嗎-T,.-PERIODCATEGORY,.-PERIODCATEGORY,.-PERIODCATEGORY,.-PERIODCATEGORY,？-QUESTIONCATEGORY"
"嗨，你好，奮力揮著手展開笑顏(*¯︶¯*)前提補充，我媽自殺之後。她就開始出現精神分裂狀態。自言自語，懷疑，不理人，諸多怪異舉動。所以當時我與我哥哥，兩人就這樣沒人管。甚至沒人”敢”插手管，然而這件事情，讓我與我哥哥至今還不能釋懷。到現在，想著，也許，也許。當時有人幫助了，就不會讓我與我哥哥變成了現在的樣子。至少，我們病情是輕鬆可以控制的。拉回來故事。我爸睡醒之後，接受治療的老爸開始乖了。我也要求家中想養隻寵物。牠剛好出生，我媽很難得在她正常的思緒下，她挑中了拯救她的寶貝。牠讓我媽走出陰霾，恢復正常。這邊必須再補上我媽的說法。1.安全感:因為寵物陪伴，與寵物本來的警覺性，讓我媽覺得有保護。因為如果有外人，寵物會有反應。2.貼心:寵物真的很容易看得出來，靠著你睡覺，想吃飯會哀求，甚至想的難過事情哭了，他會陪著，看著你。3.出門:拖著你出門散步。習慣就覺得，欸，其實走出來了。接著(,,•́ . •̀,,)開始沉重的故事吧！我與哥哥很認份，沒有學壞，只是，卻因為相依為命一起，被逼著長大。開始，我們出現失眠，也許學業啦(๑`灬´๑)不過，我先出現了一些行為。開始自殘了，因為，那樣子讓我覺得我還活著，痛等於我還在。開始，我出現手抖，心悸。開始，我的腦無法冷靜，充滿着以前的一切。就像跑馬燈一樣，我媽手腕血一直流這樣。這些狀態出現的時候(Ｔ▽Ｔ)我的角色是家中的海綿。我阻止家人互相碰撞，吸收了家人不滿與壓力。我心如刀割，因為都是家人，我不能說甚麼，我只能接受。因為是家人，他們爭吵，我覺得我一直痛，那我呢，你們都不知道其實我心痛著嗎?尤其“高壓力家庭“所講出的言語。每一字一句，都是直入傷處⊙︿⊙所以，自殘變成我舒壓的方式。直到我閨蜜發現，把我帶去精神診所治療。我只在診間大哭。重複說著一句話。“我的心一直痛著，我的心一直痛著的啊”開始，吃藥人生( •̥́ ˍ •̀ू )因為心悸，手抖。所以吃焦慮症藥物。因為一直哭。所以憂鬱症藥物。因為失眠。所以助眠藥物（其實就是放送的微量安眠藥）還是每篇一個呼籲。對待情緒已經不穩的患者。請盡量讓他坐下來，手握著他的手。這無關男女，這舉動只是為了表達。”放心，我帶著你“終於撐到第二章。待續。",0,"嗨-I,，-COMMACATEGORY,你-Nh,好-VH,，-COMMACATEGORY,奮力-D,揮-VC,著-Di,手-Na,展開-VC,笑顏-Na,(-PARENTHESISCATEGORY,*¯-FW,︶-PARENTHESISCATEGORY,¯*-FW,)-PARENTHESISCATEGORY,前提-Na,補充-VC,，-COMMACATEGORY,我-Nh,媽-Na,自殺-VA,之後-Ng,。-PERIODCATEGORY,她-Nh,就-D,開始-VL,出現-VH,精神-Na,分裂-VHC,狀態-Na,。-PERIODCATEGORY,自言自語-VE,，-COMMACATEGORY,懷疑-VK,，-COMMACATEGORY,不理-VJ,人-Na,，-COMMACATEGORY,諸多-Neqa,怪異-VH,舉動-Na,。-PERIODCATEGORY,所以-Cbb,當時-Nd,我-Nh,與-P,我-Nh,哥哥-Na,，-COMMACATEGORY,兩-Neu,人-Na,就-D,這樣-VH,沒-VJ,人-Na,管-VE,。-PERIODCATEGORY,甚至-D,沒-VJ,人-Na,”-VL,敢-VL,”-VC,插-VC,手管-Na,，-COMMACATEGORY,然而-Cbb,這-Nep,件-Nf,事情-Na,，-COMMACATEGORY,讓-VL,我-Nh,與-P,我-Nh,哥哥-Na,至今-D,還-D,不能-D,釋懷-VH,。-PERIODCATEGORY,到-P,現在-Nd,，-COMMACATEGORY,想-VE,著-Di,，-COMMACATEGORY,也許-D,，-COMMACATEGORY,也許-D,。-PERIODCATEGORY,當時-Nd,有-V_2,人-Na,幫助-VC,了-Di,，-COMMACATEGORY,就-D,不會-D,讓-VL,我-Nh,與-P,我-Nh,哥哥-Na,變成-VG,了-Di,現在-Nd,的-DE,樣子-Na,。-PERIODCATEGORY,至少-Da,，-COMMACATEGORY,我們-Nh,病情-Na,是-SHI,輕鬆-VH,可以-D,控制-VC,的-T,。-PERIODCATEGORY,拉回來-VC,故事-Na,。-PERIODCATEGORY,我-Nh,爸-Na,睡醒-VH,之後-Ng,，-COMMACATEGORY,接受-VC,治療-Na,的-DE,老爸-Na,開始-VL,乖-VH,了-T,。-PERIODCATEGORY,我-Nh,也-D,要求-VF,家-Nc,中-Ncd,想-VE,養-VC,隻-Nf,寵物-Na,。-PERIODCATEGORY,牠-Nh,剛好-Da,出生-VA,，-COMMACATEGORY,我-Nh,媽-Na,很-Dfa,難得-VH,在-P,她-Nh,正常-VH,的-DE,思緒-Na,下-Ng,，-COMMACATEGORY,她-Nh,挑中-VC,了-Di,拯救-VC,她-Nh,的-DE,寶貝-Na,。-PERIODCATEGORY,牠-Nh,讓-VL,我-Nh,媽-Na,走出-VCL,陰霾-Na,，-COMMACATEGORY,恢復-VHC,正常-VH,。-PERIODCATEGORY,這邊-Ncd,必須-D,再-D,補上-VC,我-Nh,媽的-I,說法-Na,。-PERIODCATEGORY,1.-Cbb,安全感-Na,:-COLONCATEGORY,因為-Cbb,寵物-Na,陪伴-VC,，-COMMACATEGORY,與-P,寵物-Na,本來-A,的-DE,警覺性-Na,，-COMMACATEGORY,讓-VL,我-Nh,媽-Na,覺得-VK,有-V_2,保護-VC,。-PERIODCATEGORY,因為-Cbb,如果-Cbb,有-V_2,外人-Na,，-COMMACATEGORY,寵物-Na,會-D,有-V_2,反應-Na,。-PERIODCATEGORY,2.-Cbb,貼心-VH,:-COLONCATEGORY,寵物-Na,真的-D,很-Dfa,容易-VH,看得出來-VK,，-COMMACATEGORY,靠-VJ,著-Di,你-Nh,睡覺-VA,，-COMMACATEGORY,想-VE,吃飯-VA,會-D,哀求-VF,，-COMMACATEGORY,甚至-D,想-VE,的-DE,難過-VK,事情-Na,哭-VA,了-Di,，-COMMACATEGORY,他-Nh,會-D,陪-VC,著-Di,，-COMMACATEGORY,看-VC,著-Di,你-Nh,。-PERIODCATEGORY,3-Cbb,.-PERIODCATEGORY,出門-VA,:-COLONCATEGORY,拖-VC,著-Di,你-Nh,出門-VA,散步-VA,。-PERIODCATEGORY,習慣-Na,就-D,覺得-VK,，-COMMACATEGORY,欸-I,，-COMMACATEGORY,其實-D,走出來-VA,了-Di,。-PERIODCATEGORY,接著-D,(-PARENTHESISCATEGORY,,-COMMACATEGORY,,-COMMACATEGORY,•́ -FW,.-PERIODCATEGORY, •̀-FW,,-COMMACATEGORY,,-COMMACATEGORY,)-PARENTHESISCATEGORY,開始-VL,沉重-VH,的-DE,故事-Na,吧-T,！-EXCLAMATIONCATEGORY,我-Nh,與-Caa,哥哥-Na,很-Dfa,認份-VH,，-COMMACATEGORY,沒有-D,學壞-VA,，-COMMACATEGORY,只-Da,是-SHI,，-COMMACATEGORY,卻-D,因為-Cbb,相依為命-VH,一起-D,，-COMMACATEGORY,被-P,逼-VF,著-Di,長大-VH,。-PERIODCATEGORY,開始-VH,，-COMMACATEGORY,我們-Nh,出現-VH,失眠-VH,，-COMMACATEGORY,也許-D,學業-Na,啦-T,(-PARENTHESISCATEGORY,๑`灬´๑-FW,)-PARENTHESISCATEGORY,不過-Cbb,，-COMMACATEGORY,我-Nh,先-D,出現-VH,了-Di,一些-Neqa,行為-Na,。-PERIODCATEGORY,開始-VL,自殘-VA,了-Di,，-COMMACATEGORY,因為-Cbb,，-COMMACATEGORY,那-Nep,樣子-Na,讓-VL,我-Nh,覺得-VK,我-Nh,還-D,活-VH,著-Di,，-COMMACATEGORY,痛-VH,等於-VG,我-Nh,還-D,在-VCL,。-PERIODCATEGORY,開始-VH,，-COMMACATEGORY,我-Nh,出現-VH,手抖-Na,，-COMMACATEGORY,心悸-VI,。-PERIODCATEGORY,開始-VH,，-COMMACATEGORY,我-Nh,的-DE,腦-Na,無法-D,冷靜-VH,，-COMMACATEGORY,充滿-VJ,着-FW,以前-Ng,的-DE,一切-Neqa,。-PERIODCATEGORY,就-D,像-P,跑馬燈-Na,一樣-VH,，-COMMACATEGORY,我-Nh,媽-Na,手腕-Na,血-Na,一直-D,流-VC,這樣-VH,。-PERIODCATEGORY,這些-Neqa,狀態-Na,出現-VH,的-DE,時候-Na,(-PARENTHESISCATEGORY,Ｔ▽-FW,Ｔ-FW,)-PARENTHESISCATEGORY,我-Nh,的-DE,角色-Na,是-SHI,家-Nc,中-Ncd,的-DE,海綿-Na,。-PERIODCATEGORY,我-Nh,阻止-VC,家人-Na,互相-D,碰撞-VA,，-COMMACATEGORY,吸收-VC,了-Di,家人-Na,不滿-VK,與-Caa,壓力-Na,。-PERIODCATEGORY,我-Nh,心如刀割-VH,，-COMMACATEGORY,因為-Cbb,都-D,是-SHI,家人-Na,，-COMMACATEGORY,我-Nh,不能-D,說-VE,甚麼-Nep,，-COMMACATEGORY,我-Nh,只-Da,能-D,接受-VC,。-PERIODCATEGORY,因為-Cbb,是-SHI,家人-Na,，-COMMACATEGORY,他們-Nh,爭吵-VA,，-COMMACATEGORY,我-Nh,覺得-VK,我-Nh,一直-D,痛-VH,，-COMMACATEGORY,那-Dk,我-Nh,呢-T,，-COMMACATEGORY,你們-Nh,都-D,不-D,知道-VK,其實-D,我-Nh,心痛-VH,著-Di,嗎-T,?-QUESTIONCATEGORY,尤其-D,“-VG,高壓力-Na,家庭-Na,“-Na,所-D,講出-VC,的-DE,言語-Na,。-PERIODCATEGORY,每-Nes,一-Neu,字-Na,一-Neu,句-Nf,，-COMMACATEGORY,都-D,是-SHI,直-D,入-VCL,傷處-Na,⊙-FW,︿-PARENTHESISCATEGORY,⊙-FW,所以-Cbb,，-COMMACATEGORY,自殘-VA,變成-VG,我-Nh,舒壓-VA,的-DE,方式-Na,。-PERIODCATEGORY,直到-P,我-Nh,閨蜜-Na,發現-VE,，-COMMACATEGORY,把-P,我-Nh,帶去-VC,精神-Na,診所-Nc,治療-VC,。-PERIODCATEGORY,我-Nh,只-Da,在-P,診間-Nc,大哭-VA,。-PERIODCATEGORY,重複-D,說-VE,著-Di,一-Neu,句-Nf,話-Na,。-PERIODCATEGORY,“-VE,我-Nh,的-DE,心-Na,一直-D,痛-VH,著-Di,，-COMMACATEGORY,我-Nh,的-DE,心-Na,一直-D,痛-VH,著-Di,的-T,啊-I,”-DASHCATEGORY,開始-VH,，-COMMACATEGORY,吃-VC,藥-Na,人生-Na,(-PARENTHESISCATEGORY, -WHITESPACE,•̥́ -FW,ˍ-FW, -WHITESPACE,•̀ू -FW,)-PARENTHESISCATEGORY,因為-Cbb,心悸-VI,，-COMMACATEGORY,手抖-Na,。-PERIODCATEGORY,所以-Cbb,吃-VC,焦慮症-Na,藥物-Na,。-PERIODCATEGORY,因為-Cbb,一直-D,哭-VA,。-PERIODCATEGORY,所以-Cbb,憂鬱症-Na,藥物-Na,。-PERIODCATEGORY,因為-Cbb,失眠-VH,。-PERIODCATEGORY,所以-Cbb,助眠-VA,藥物-Na,（-PARENTHESISCATEGORY,其實-D,就-D,是-SHI,放送-VC,的-DE,微量-VH,安眠藥-Na,）-PARENTHESISCATEGORY,還是-D,每-Nes,篇-Nf,一-Neu,個-Nf,呼籲-VE,。-PERIODCATEGORY,對待-VC,情緒-Na,已經-D,不-D,穩-VH,的-DE,患者-Na,。-PERIODCATEGORY,請-VF,盡量-D,讓-VL,他-Nh,坐下來-VA,，-COMMACATEGORY,手-Na,握-VC,著-Di,他-Nh,的-DE,手-Na,。-PERIODCATEGORY,這-Nep,無關-VH,男女-Na,，-COMMACATEGORY,這-Nep,舉動-Na,只是-D,為-P,了-Di,表達-VC,。-PERIODCATEGORY,”-P,放心-VK,，-COMMACATEGORY,我-Nh,帶-VC,著-Di,你-Nh,“-VE,終於-D,撐到-VC,第二-Neu,章-Na,。-PERIODCATEGORY,待續-VH,。-PERIODCATEGORY"
重鬱症五年多了，突然覺得很悲哀連快樂的權利都要靠藥物輔助也不曉得每天苟延殘喘的活著究竟是為了什麼,1,"重鬱症-Na,五-Neu,年-Nf,多-Neqb,了-T,，-COMMACATEGORY,突然-D,覺得-VK,很-Dfa,悲哀-VH,連-Cbb,快樂-VH,的-DE,權利-Na,都-D,要-D,靠-P,藥物-Na,輔助-VC,也-D,不-D,曉得-VK,每-Nes,天-Nf,苟延殘喘-VH,的-DE,活-VH,著-Di,究竟-D,是-SHI,為-P,了-Di,什麼-Nep"
世界讓想死的人活著讓意外的人死了為什麼呢當大家人心惶惶的時候多希望死的是我那些病痛折磨或者感染的重重多希望死的是我連呼吸都覺得自己浪費了生命沒有什麼在乎的愛我的人我愛的人其實都沒有捨不得拜託留給想活有夢的人一點祝福讓那些可怕的悲傷還有病痛發生在我身上吧無所謂了多希望死的是我,0,"世界-Nc,讓-VL,想-VE,死-VH,的-DE,人-Na,活-VH,著-Di,讓-VL,意外-Na,的-DE,人-Na,死-VH,了-Di,為什麼-D,呢-T,當-P,大家-Nh,人心惶惶-VH,的-DE,時候-Na,多-D,希望-VK,死-VH,的-DE,是-SHI,我-Nh,那些-Neqa,病痛-Na,折磨-Na,或者-Caa,感染-VJ,的-DE,重重-Neqa,多-VH,希望-VK,死-VH,的-DE,是-SHI,我-Nh,連-Cbb,呼吸-VC,都-D,覺得-VK,自己-Nh,浪費-VC,了-Di,生命-Na,沒有-VJ,什麼-Nep,在乎-VK,的-DE,愛-VL,我-Nh,的-DE,人-Na,我-Nh,愛-VL,的-DE,人-Na,其實-D,都-D,沒有-D,捨不得-VL,拜託-VC,留給-VD,想-VE,活-VH,有-V_2,夢-Na,的-DE,人-Na,一點-Neqa,祝福-Na,讓-VL,那些-Neqa,可怕-VH,的-DE,悲傷-VH,還-D,有-V_2,病痛-Na,發生-VJ,在-P,我-Nh,身-Na,上-Ncd,吧-T,無所謂-VH,了-Di,多-D,希望-VK,死-VH,的-DE,是-SHI,我-Nh"
我很感謝老師提供了非常好的條件，讓我回學校不緊張。可是明天就要開學了，我整個焦慮到呼吸困難心跳快，睡不著我知道我又開始了，開始焦慮緊張，真的很怕開學坐在位子上聽課到宿舍也換了室友，緊張到整個不行好想自殺或自殘，可是有人說又不是世界末日，可是對我來說就是果然我還是不適合讀書，還是想找份工作做我也不知道自己合不合適,1,"我-Nh,很-Dfa,感謝-VK,老師-Na,提供-VD,了-Di,非常-Dfa,好-VH,的-DE,條件-Na,，-COMMACATEGORY,讓-VL,我-Nh,回-VCL,學校-Nc,不-D,緊張-VH,。-PERIODCATEGORY,可是-Cbb,明天-Nd,就-D,要-D,開學-VH,了-T,，-COMMACATEGORY,我-Nh,整-Neqa,個-Nf,焦慮到-VE,呼吸-VC,困難心跳-VH,快-VH,，-COMMACATEGORY,睡-VH,不-D,著-VH,我-Nh,知道-VK,我-Nh,又-D,開始-VH,了-T,，-COMMACATEGORY,開始-VL,焦慮-VH,緊張-VH,，-COMMACATEGORY,真的-D,很-Dfa,怕-VK,開學-VH,坐-VA,在-P,位子-Na,上-Ncd,聽課到-VE,宿舍-Nc,也-D,換-VC,了-Di,室友-Na,，-COMMACATEGORY,緊張-VH,到-P,整-Neqa,個-Nf,不行-VH,好-Dfa,想-VE,自殺-VA,或-Caa,自殘-VA,，-COMMACATEGORY,可是-Cbb,有-V_2,人-Na,說-VE,又-D,不-D,是-SHI,世界-Nc,末日-Na,，-COMMACATEGORY,可是-Cbb,對-P,我-Nh,來說-Ng,就是-Cbb,果然-D,我-Nh,還是-D,不-D,適合-VH,讀書-VA,，-COMMACATEGORY,還是-D,想-VE,找-VC,份-Nf,工作-Na,做-VC,我-Nh,也-D,不-D,知道-VK,自己-Nh,合不合適-VH"
對不起愛我的人們，我真的很努力了，我也好想好好的活著，好好振作。但永遠都失敗欸！我看不到任何一點光芒，可能我很很爛，我知道。我已經盡我最大的努力了，我想走了，但我還沒找到最適合的方法，一直想跳樓，但好像不管怎麼做都會傷到別人，也會變成凶宅，如果哪天我忍不住了，請別責怪我，對不起，是我的不好...重度憂鬱兩年八個月，試過了一堆方法，我真的好痛苦...真希望今天就是我人生的最後一天...不過我現在還得忍住眼淚，晚上面試新的工作，希望我不要哭出來，我真的很努力在忍了...什麼時候我也可以當個正常人...我好希望..謝謝21年來對我好的朋友們，我愛你們。,1,"對不起-VJ,愛-VL,我-Nh,的-DE,人們-Na,，-COMMACATEGORY,我-Nh,真的-D,很-Dfa,努力-VH,了-T,，-COMMACATEGORY,我-Nh,也-D,好-Dfa,想-VE,好好-VH,的-DE,活-VH,著-Di,，-COMMACATEGORY,好好-D,振作-VHC,。-PERIODCATEGORY,但-Cbb,永遠-D,都-D,失敗-VH,欸-I,！-EXCLAMATIONCATEGORY,我-Nh,看-VE,不-D,到-VC,任何-Neqa,一點-Neqa,光芒-Na,，-COMMACATEGORY,可能-D,我-Nh,很-Dfa,很-Dfa,爛-VH,，-COMMACATEGORY,我-Nh,知道-VK,。-PERIODCATEGORY,我-Nh,已經-D,盡-VJ,我-Nh,最-Dfa,大-VH,的-DE,努力-Nv,了-T,，-COMMACATEGORY,我-Nh,想-VE,走-VA,了-Di,，-COMMACATEGORY,但-Cbb,我-Nh,還-D,沒-D,找到-VC,最-Dfa,適合-VH,的-DE,方法-Na,，-COMMACATEGORY,一直-D,想-VE,跳樓-VA,，-COMMACATEGORY,但-Cbb,好像-D,不管-Cbb,怎麼-D,做-VC,都-D,會-D,傷到-VC,別人-Nh,，-COMMACATEGORY,也-D,會-D,變成-VG,凶宅-Na,，-COMMACATEGORY,如果-Cbb,哪-Nep,天-Nf,我-Nh,忍不住-VL,了-T,，-COMMACATEGORY,請-VF,別-D,責怪-VC,我-Nh,，-COMMACATEGORY,對不起-VJ,，-COMMACATEGORY,是-SHI,我-Nh,的-DE,不-D,好-VH,.-PERIODCATEGORY,.-PERIODCATEGORY,.-PERIODCATEGORY,重度-A,憂鬱-VH,兩-Neu,年-Nf,八-Neu,個-Nf,月-Na,，-COMMACATEGORY,試-VF,過-Di,了-Di,一-Neu,堆-Nf,方法-Na,，-COMMACATEGORY,我-Nh,真的-D,好-Dfa,痛苦-VH,.-PERIODCATEGORY,.-PERIODCATEGORY,.-PERIODCATEGORY,真-D,希望-VK,今天-Nd,就-D,是-SHI,我-Nh,人生-Na,的-DE,最後-Nd,一-Neu,天-Nf,.-PERIODCATEGORY,.-PERIODCATEGORY,.-PERIODCATEGORY,不過-Cbb,我-Nh,現在-Nd,還-D,得-D,忍住-VJ,眼淚-Na,，-COMMACATEGORY,晚上-Nd,面試-VC,新-VH,的-DE,工作-Na,，-COMMACATEGORY,希望-VK,我-Nh,不要-D,哭出來-VA,，-COMMACATEGORY,我-Nh,真的-D,很-Dfa,努力-VH,在-P,忍-VJ,了-T,.-PERIODCATEGORY,.-PERIODCATEGORY,.-PERIODCATEGORY,什麼-Nep,時候-Na,我-Nh,也-D,可以-D,當-VG,個-Di,正常人-Na,.-PERIODCATEGORY,.-PERIODCATEGORY,.-PERIODCATEGORY,我-Nh,好-Dfa,希望-VK,.-PERIODCATEGORY,.-PERIODCATEGORY,謝謝-VJ,21-Neu,年-Nf,來-Ng,對-P,我-Nh,好-VH,的-DE,朋友-Na,們-Na,，-COMMACATEGORY,我-Nh,愛-VL,你們-Nh,。-PERIODCATEGORY"
寵物真的很有靈性。昨天凌晨，我大概是病症發作整個人腦袋很悶很沉重很混亂、胸悶、呼吸困難 、心理狀態一直往下掉眼淚在眼眶打轉那時我關著燈側躺在床上，感覺到我的貓貓兩隻腳踩在我的腳上喵喵叫大概像這樣https://i.imgur.com/khxdrMM.jpg（粉紅色的是棉被）可是我沒有力氣回應她，只能一直維持同樣的姿勢過了大約20秒，她就溜到我的頭旁邊開始大聲的呼嚕呼嚕，（貓咪的呼嚕呼嚕表示心情好，但同時也有安撫情緒的作用，我想她應該是想用呼嚕呼嚕安撫我吧）https://i.imgur.com/Xmqrggl.jpg然後在我旁邊轉來轉去後，直接整隻貓窩在我的胳膊裡然後頭饋在我手上https://i.imgur.com/amv9u9Y.jpghttps://i.imgur.com/VUPkzk6.jpg有一段時間，我的情緒稍微平穩一點了她就停止呼嚕呼嚕但沒多久，我想起一些過去的事情，眼淚開始滴落，呼吸也變得很急促她馬上開始呼嚕呼嚕然後伸出手碰碰我的手掌（她是一隻不喜歡人家碰她手的貓貓，我之前一摸到她的手她就會一直縮xD）https://i.imgur.com/RPzPcpb.jpg可是這次眼淚還是一直在流這時她站起來，換了個姿勢，正躺在我的眼前然後做了一個我從來沒想過的舉動https://i.imgur.com/2iI9cZH.jpg她伸出她的貓貓手擦去我眼角的眼淚https://i.imgur.com/PQAlV1A.jpg結果這個舉動讓我直接大爆哭心整個揪在一起而她就這樣一直躺著，陪著我哭完後來我心情平復後，就起來把自己整理了一下她看我好像好了，就回到自己的小床鋪睡覺去了。===我的記憶力很差，所以想把這件事記下來她是一隻很乖巧很聰明的貓貓我很喜歡跟她說話同時，她也是我憂鬱的人生中，非常重要的存在因為她的陪伴，讓我走過無數次孤寂與崩壞。（圖是用IG畫的，沒有很精緻還請見諒）最後附上貓貓的一張萌照https://i.imgur.com/GitrlAL.jpg=====部分回應在 B291,0,"寵物-Na,真的-D,很-Dfa,有-V_2,靈性-Na,。-PERIODCATEGORY,昨天-Nd,凌晨-Nd,，-COMMACATEGORY,我-Nh,大概-D,是-SHI,病症-Na,發作-VH,整-Neqa,個-Nf,人-Na,腦袋-Na,很-Dfa,悶-VH,很-Dfa,沉重-VH,很-Dfa,混亂-VH,、-PAUSECATEGORY,胸-Na,悶-VH,、-PAUSECATEGORY,呼吸-VC,困難-VH, -WHITESPACE,、-PAUSECATEGORY,心理-Na,狀態-Na,一直-D,往-P,下-Ncd,掉-VH,眼淚-Na,在-P,眼眶-Na,打轉-VA,那時-Nd,我-Nh,關-VC,著-Di,燈-Na,側-Ncd,躺-VA,在-P,床-Na,上-Ncd,，-COMMACATEGORY,感覺到-VK,我-Nh,的-DE,貓貓-Na,兩-Neu,隻-Nf,腳-Na,踩-VC,在-P,我-Nh,的-DE,腳-Na,上-Ncd,喵喵-D,叫-VE,大概-D,像-VG,這樣-VH,https://i-FW,.imgur-FW,.-PERIODCATEGORY,com/khxdr-FW,MM-FW,.-PERIODCATEGORY,jpg-FW,（-PARENTHESISCATEGORY,粉紅色-Na,的-DE,是-SHI,棉被-Na,）-PARENTHESISCATEGORY,可是-Cbb,我-Nh,沒有-VJ,力氣-Na,回應-VC,她-Nh,，-COMMACATEGORY,只-Da,能-D,一直-D,維持-VJ,同樣-VH,的-DE,姿勢-Na,過-VCL,了-Di,大約-Da,20-Neu,秒-Nf,，-COMMACATEGORY,她-Nh,就-D,溜到-VCL,我-Nh,的-DE,頭-Na,旁邊-Ncd,開始-VL,大聲-VH,的-DE,呼嚕-D,呼嚕-D,，-COMMACATEGORY,（-PARENTHESISCATEGORY,貓咪-Na,的-DE,呼嚕-D,呼嚕-D,表示-VE,心情-Na,好-VH,，-COMMACATEGORY,但-Cbb,同時-Nd,也-D,有-V_2,安撫-VJ,情緒-Na,的-DE,作用-Na,，-COMMACATEGORY,我-Nh,想-VE,她-Nh,應該-D,是-SHI,想-VE,用-P,呼嚕-D,呼嚕-D,安撫-VJ,我-Nh,吧-T,）-PARENTHESISCATEGORY,https://i-FW,.-DOTCATEGORY,imgur-FW,.-DOTCATEGORY,com/Xmqrggl-FW,.-DOTCATEGORY,jpg-FW,然後-D,在-P,我-Nh,旁邊-Ncd,轉來轉去-VA,後-Ng,，-COMMACATEGORY,直接-VH,整-Neqa,隻-Nf,貓-Na,窩在-VCL,我-Nh,的-DE,胳膊-Na,裡-Ncd,然後-D,頭-Na,饋-VC,在-P,我-Nh,手-Na,上-Ncd,https://i.imgur.com/amv9u9Y-FW,.jpghttps://i.imgur-FW,.-DOTCATEGORY,com/VUPkzk6-FW,.-DOTCATEGORY,jpg-FW,有-V_2,一-Neu,段-Nf,時間-Na,，-COMMACATEGORY,我-Nh,的-DE,情緒-Na,稍微-D,平穩-VH,一點-Dfb,了-T,她-Nh,就-D,停止-VF,呼嚕-D,呼嚕-D,但-Cbb,沒-VJ,多久-Nd,，-COMMACATEGORY,我-Nh,想起-VE,一些-Neqa,過去-Nd,的-DE,事情-Na,，-COMMACATEGORY,眼淚-Na,開始-VL,滴落-VCL,，-COMMACATEGORY,呼吸-VC,也-D,變-VH,得-DE,很-Dfa,急促-VH,她-Nh,馬上-D,開始-VL,呼嚕-D,呼嚕-D,然後-D,伸出-VC,手-Na,碰碰-VC,我-Nh,的-DE,手掌-Na,（-PARENTHESISCATEGORY,她-Nh,是-SHI,一-Neu,隻-Nf,不-D,喜歡-VK,人家-Nh,碰-VC,她-Nh,手-Na,的-DE,貓貓-Na,，-COMMACATEGORY,我-Nh,之前-Ng,一-D,摸到-VC,她-Nh,的-DE,手-Na,她-Nh,就-D,會-D,一直-D,縮xD-FW,）-PARENTHESISCATEGORY,https://i.imgur.com/RPzPcpb.-FW,jpg-FW,可是-Cbb,這-Nep,次-Nf,眼淚-Na,還是-D,一直-D,在-P,流-VC,這時-Nd,她-Nh,站起來-VA,，-COMMACATEGORY,換-VC,了-Di,個-Nf,姿勢-Na,，-COMMACATEGORY,正-D,躺-VA,在-P,我-Nh,的-DE,眼前-Nc,然後-D,做-VC,了-Di,一-Neu,個-Nf,我-Nh,從來-D,沒-D,想-VE,過-Di,的-DE,舉動-Na,https://i-FW,.imgur-FW,.-DOTCATEGORY,com/2-FW,iI9-FW,cZH-FW,.-DOTCATEGORY,jpg-FW,她-Nh,伸出-VC,她-Nh,的-DE,貓貓-Na,手-Na,擦去-VC,我-Nh,眼角-Na,的-DE,眼淚-Na,https://i.imgur-FW,.com/PQAl-FW,V1A-FW,.-DOTCATEGORY,jpg-FW,結果-Dk,這-Nep,個-Nf,舉動-Na,讓-VL,我-Nh,直接-VH,大爆-VE,哭心-Na,整個-Neqa,揪-VC,在一起-VH,而-Cbb,她-Nh,就-D,這樣-VH,一直-D,躺-VA,著-Di,，-COMMACATEGORY,陪-VC,著-Di,我-Nh,哭完-VA,後來-Nd,我-Nh,心情-Na,平復-VHC,後-Ng,，-COMMACATEGORY,就-D,起來-VA,把-P,自己-Nh,整理-VC,了-Di,一下-Nd,她-Nh,看-VE,我-Nh,好像-D,好了-T,，-COMMACATEGORY,就-D,回到-VCL,自己-Nh,的-DE,小-VH,床鋪-Na,睡覺-VA,去-T,了-T,。-PERIODCATEGORY,===-FW,我-Nh,的-DE,記憶力-Na,很-Dfa,差-VH,，-COMMACATEGORY,所以-Cbb,想-VE,把-P,這-Nep,件-Nf,事-Na,記下來-VB,她-Nh,是-SHI,一-Neu,隻-Nf,很-Dfa,乖巧-VH,很-Dfa,聰明-VH,的-DE,貓貓-Na,我-Nh,很-Dfa,喜歡-VK,跟-P,她-Nh,說話-VA,同時-Nd,，-COMMACATEGORY,她-Nh,也-D,是-SHI,我-Nh,憂鬱-VH,的-DE,人生-Na,中-Ng,，-COMMACATEGORY,非常-Dfa,重要-VH,的-DE,存在-VA,因為-Cbb,她-Nh,的-DE,陪伴-VC,，-COMMACATEGORY,讓-VL,我-Nh,走過-VCL,無數-Neqa,次-Nf,孤寂-VH,與-Caa,崩壞-VH,。-PERIODCATEGORY,（-PARENTHESISCATEGORY,圖-Na,是-SHI,用-P,IG-FW,畫-VC,的-T,，-COMMACATEGORY,沒有-VJ,很-Dfa,精緻-VH,還-D,請-VF,見諒-VA,）-PARENTHESISCATEGORY,最後-Nd,附上-VC,貓貓-Na,的-DE,一-Neu,張-Nf,萌照-Na,https://i.imgur.com/GitrlAL-FW,.-DOTCATEGORY,jpg=====-FW,部分-Neqa,回應-VC,在-P, B-FW,291-Neu"
站在世界的裡面。2018.07.19。去年這個時候，我因數次自殺未遂，在多次的急診及精神科醫生的判定下，被送進了精神病院。我在2017年確診了罹患憂鬱症，2018年確診躁鬱症，這些疾病都歸於三年前南部有一個老師，對我的誘姦和強暴。精神病院裡，沒有手機、沒有網路、沒有鏡子、沒有蓮蓬頭、有鞋帶的鞋子不能存在、有綁帶的褲子也不能在院裡穿，我所有私人物品只有書籍、日記本及換洗衣物跟一包衛生紙。日復一日的量血壓、吃藥、醫生問診、社工關心，我沒有一天不哭，每天祈求著回家，院方卻只是在我的病歷裡加上情緒障礙，我每天看書寫日記，溫吞的記下這裡的一切，例如電視節目、例如病友的對話內容、例如醫生說了什麼、例如誰來看我、例如讀了哪些書、例如被鐵窗分割的天空，例如無法出院。我曾在日記裡用納粹的集中營來描述院裡的世界，我形容自己像是在世界的外面，切斷與世界正在運行的一切。每天等待可以打電話和可以探視的時間、是唯一可以跟「外界的人」接觸的時候，其餘都是書本陪我度過住院的時光，我想念我的工作、想念伴侶、想念朋友、想念所有無法兌現的承諾、想回家。我回想住院當天躺在床上被固定得動彈不得，病床推往醫院的路上，看著天花板急急的呼嘯而過，像看著自由從手心裡消逝的越來越快、遂哭了起來，痛恨自己的軟弱和不爭氣。入院後手上帶著隨時可以在你需要時給你一針鎮定劑的針管，時常扎得我手疼，便時刻提醒我院裡那些頹喪蒼白的面孔，我害怕極了，害怕自己看起來跟他們並無分別。是這樣一段日子；是這樣連洗澡都要人幫忙的日子、是這樣每天夜晚嚇醒然後白天驚醒的日子、是這樣與那麼多書本與共的日子、是這樣羨慕天空、羨慕防護玻璃外的日子，是我爬回生命的日子。去年出院的那天，我拍了一張天空的照片，是沒有欄杆沒有鐵絲網的天空，是回家路上的天空。今年的這個時候，我已經不再每晚做惡夢、不再哭著睡著、不再反反覆覆的傷害自己，不再莫名的嚎哭，不再讓自己形同五分四散的野獸。如今，即使我沒有活得看起來很美好鮮明、即使我還是需要靠藥物來過生活；但我仍然活著，抓著自由，站在世界的裡面。我站在世界的裡面喔。*文中所指納粹集中營，我日記上的原話是：「在那裡，納粹迫害猶太人；而在這裡，我迫害我自己。」是我用集中營的手段形容我受到的傷害，並不是形容裡面護理師、環境多麼不堪，而我當時認為這些事情都是我的錯，是我讓自己游走在生命邊緣，是我讓自己失去自由等等...才做此文述。（下面討論的有點激烈😅因此在這裡補充說明。）,0,"站-VA,在-P,世界-Nc,的-DE,裡面-Ncd,。-PERIODCATEGORY,2018.07.19-Neu,。-PERIODCATEGORY,去年-Nd,這-Nep,個-Nf,時候-Na,，-COMMACATEGORY,我-Nh,因-Cbb,數-Neu,次-Nf,自殺-VA,未遂-VH,，-COMMACATEGORY,在-P,多-Neqa,次-Nf,的-DE,急診-VB,及-Caa,精神科-Nc,醫生-Na,的-DE,判定-VE,下-Ng,，-COMMACATEGORY,被-P,送進-VCL,了-Di,精神病院-Nc,。-PERIODCATEGORY,我-Nh,在-P,2017年-Nd,確診-VC,了-Di,罹患-VJ,憂鬱症-Na,，-COMMACATEGORY,2018年-Nd,確診-VC,躁鬱症-Na,，-COMMACATEGORY,這些-Neqa,疾病-Na,都-D,歸於-VK,三-Neu,年-Nf,前-Ng,南部-Ncd,有-V_2,一-Neu,個-Nf,老師-Na,，-COMMACATEGORY,對-P,我-Nh,的-DE,誘姦-VC,和-Caa,強暴-VC,。-PERIODCATEGORY,精神病院-Nc,裡-Ncd,，-COMMACATEGORY,沒有-VJ,手機-Na,、-PAUSECATEGORY,沒有-VJ,網路-Na,、-PAUSECATEGORY,沒有-VJ,鏡子-Na,、-PAUSECATEGORY,沒有-VJ,蓮蓬頭-Na,、-PAUSECATEGORY,有-V_2,鞋帶-Na,的-DE,鞋子-Na,不能-D,存在-VA,、-PAUSECATEGORY,有-V_2,綁帶-Na,的-DE,褲子-Na,也-D,不能-D,在-P,院-Nc,裡-Ncd,穿-VC,，-COMMACATEGORY,我-Nh,所有-Neqa,私人-Nh,物品-Na,只有-Cbb,書籍-Na,、-PAUSECATEGORY,日記本-Na,及-Caa,換洗-VC,衣物-Na,跟-Caa,一-Neu,包-Nf,衛生紙-Na,。-PERIODCATEGORY,日復一日-D,的-DE,量-VC,血壓-Na,、-PAUSECATEGORY,吃-VC,藥-Na,、-PAUSECATEGORY,醫生-Na,問診-VA,、-PAUSECATEGORY,社工-Na,關心-VK,，-COMMACATEGORY,我-Nh,沒有-VJ,一-Neu,天-Nf,不-D,哭-VA,，-COMMACATEGORY,每-Nes,天-Nf,祈求-VE,著-Di,回家-VA,，-COMMACATEGORY,院方-Na,卻-D,只是-D,在-P,我-Nh,的-DE,病歷-Na,裡-Ng,加上-VC,情緒-Na,障礙-Na,，-COMMACATEGORY,我-Nh,每-Nes,天-Nf,看-VC,書寫-VC,日記-Na,，-COMMACATEGORY,溫吞-VH,的-DE,記下-VC,這裡-Ncd,的-DE,一切-Neqa,，-COMMACATEGORY,例如-P,電視-Na,節目-Na,、-PAUSECATEGORY,例如-P,病友-Na,的-DE,對話-Na,內容-Na,、-PAUSECATEGORY,例如-P,醫生-Na,說-VE,了-Di,什麼-Nep,、-PAUSECATEGORY,例如-P,誰-Nh,來-D,看-VC,我-Nh,、-PAUSECATEGORY,例如-P,讀-VC,了-Di,哪些-Neqa,書-Na,、-PAUSECATEGORY,例如-P,被-P,鐵窗-Na,分割-VC,的-DE,天空-Nc,，-COMMACATEGORY,例如-P,無法-D,出院-VA,。-PERIODCATEGORY,我-Nh,曾-D,在-P,日記-Na,裡-Ng,用-P,納粹-Na,的-DE,集中營-Nc,來-D,描述-VC,院-Nc,裡-Ncd,的-DE,世界-Nc,，-COMMACATEGORY,我-Nh,形容-VE,自己-Nh,像是-SHI,在-P,世界-Nc,的-DE,外面-Ncd,，-COMMACATEGORY,切斷-VC,與-P,世界-Nc,正在-D,運行-VA,的-DE,一切-Neqa,。-PERIODCATEGORY,每-Nes,天-Nf,等待-VK,可以-D,打電話-VB,和-Caa,可以-D,探視-VC,的-DE,時間-Na,、-PAUSECATEGORY,是-SHI,唯一-A,可以-D,跟-P,「-PARENTHESISCATEGORY,外界-Ncd,的-DE,人-Na,」-PARENTHESISCATEGORY,接觸-VC,的-DE,時候-Na,，-COMMACATEGORY,其餘-Neqa,都-D,是-SHI,書本-Na,陪-VC,我-Nh,度過-VCL,住院-VA,的-DE,時光-Na,，-COMMACATEGORY,我-Nh,想念-VJ,我-Nh,的-DE,工作-Na,、-PAUSECATEGORY,想念-VJ,伴侶-Na,、-PAUSECATEGORY,想念-VJ,朋友-Na,、-PAUSECATEGORY,想念-VJ,所有-Neqa,無法-D,兌現-VC,的-DE,承諾-Na,、-PAUSECATEGORY,想-VE,回家-VA,。-PERIODCATEGORY,我-Nh,回想-VE,住院-VA,當天-Nd,躺-VA,在-P,床-Na,上-Ncd,被-P,固定-VHC,得-DE,動彈不得-VH,，-COMMACATEGORY,病床-Na,推-VC,往-P,醫院-Nc,的-DE,路-Na,上-Ncd,，-COMMACATEGORY,看-VC,著-Di,天花板-Na,急急-VH,的-DE,呼嘯-VA,而-Cbb,過-VCL,，-COMMACATEGORY,像-P,看-VC,著-Di,自由-Na,從-P,手心-Na,裡-Ncd,消逝-VA,的-DE,越來越-Dfa,快-VH,、-PAUSECATEGORY,遂-D,哭-VA,了-Di,起來-Di,，-COMMACATEGORY,痛恨-VJ,自己-Nh,的-DE,軟弱-VH,和-Caa,不-D,爭氣-VH,。-PERIODCATEGORY,入院-VA,後-Ng,手-Na,上-Ncd,帶-VC,著-Di,隨時-D,可以-D,在-P,你-Nh,需要-VK,時-Ng,給-VD,你-Nh,一-Neu,針-Nf,鎮定劑-Na,的-DE,針管-Na,，-COMMACATEGORY,時常-D,扎-VC,得-DE,我-Nh,手-Na,疼-VH,，-COMMACATEGORY,便-D,時刻-D,提醒-VE,我-Nh,院-Nc,裡-Ncd,那些-Neqa,頹喪-VH,蒼白-VH,的-DE,面孔-Na,，-COMMACATEGORY,我-Nh,害怕-VK,極了-Dfb,，-COMMACATEGORY,害怕-VK,自己-Nh,看起來-D,跟-P,他們-Nh,並-D,無-VJ,分別-Na,。-PERIODCATEGORY,是-SHI,這樣-VH,一-Neu,段-Nf,日子-Na,；-SEMICOLONCATEGORY,是-SHI,這樣-VH,連-Cbb,洗澡-VA,都-D,要-VE,人-Na,幫忙-VC,的-DE,日子-Na,、-PAUSECATEGORY,是-SHI,這樣-VH,每-Nes,天-Nf,夜晚-Nd,嚇醒-VC,然後-D,白天-Nd,驚醒-VHC,的-DE,日子-Na,、-PAUSECATEGORY,是-SHI,這樣-VH,與-Caa,那麼多-Neqa,書本與共-VH,的-DE,日子-Na,、-PAUSECATEGORY,是-SHI,這樣-VH,羨慕-VJ,天空-Nc,、-PAUSECATEGORY,羨慕-VJ,防護-Na,玻璃-Na,外-Ncd,的-DE,日子-Na,，-COMMACATEGORY,是-SHI,我-Nh,爬回-VCL,生命-Na,的-DE,日子-Na,。-PERIODCATEGORY,去年-Nd,出院-VA,的-DE,那-Nep,天-Nf,，-COMMACATEGORY,我-Nh,拍-VC,了-Di,一-Neu,張-Nf,天空-Nc,的-DE,照片-Na,，-COMMACATEGORY,是-SHI,沒有-VJ,欄杆-Na,沒有-VJ,鐵絲網-Na,的-DE,天空-Nc,，-COMMACATEGORY,是-SHI,回家-VA,路-Na,上-Ncd,的-DE,天空-Nc,。-PERIODCATEGORY,今年-Nd,的-DE,這-Nep,個-Nf,時候-Na,，-COMMACATEGORY,我-Nh,已經-D,不再-D,每-Nes,晚-Nf,做-VC,惡夢-Na,、-PAUSECATEGORY,不再-D,哭-VA,著-Di,睡著-VH,、-PAUSECATEGORY,不再-D,反反覆覆-VH,的-DE,傷害-VC,自己-Nh,，-COMMACATEGORY,不再-D,莫名-VH,的-DE,嚎哭-VA,，-COMMACATEGORY,不再-D,讓-VL,自己-Nh,形同-VG,五分四散-VH,的-DE,野獸-Na,。-PERIODCATEGORY,如今-Nd,，-COMMACATEGORY,即使-Cbb,我-Nh,沒有-D,活-VH,得-DE,看起來-D,很-Dfa,美好-VH,鮮明-VH,、-PAUSECATEGORY,即使-Cbb,我-Nh,還是-D,需要-VK,靠-P,藥物-Na,來-D,過生活-VA,；-SEMICOLONCATEGORY,但-Cbb,我-Nh,仍然-D,活-VH,著-Di,，-COMMACATEGORY,抓著-VC,自由-Na,，-COMMACATEGORY,站-VA,在-P,世界-Nc,的-DE,裡面-Ncd,。-PERIODCATEGORY,我-Nh,站-VA,在-P,世界-Nc,的-DE,裡面-Ncd,喔-T,。-PERIODCATEGORY,*-FW,文-Na,中-Ng,所-D,指-VG,納粹-Na,集中營-Nc,，-COMMACATEGORY,我-Nh,日記-Na,上-Ncd,的-DE,原話-Na,是-SHI,：-COLONCATEGORY,「-PARENTHESISCATEGORY,在-P,那裡-Ncd,，-COMMACATEGORY,納粹-Na,迫害-VC,猶太人-Na,；-SEMICOLONCATEGORY,而-Cbb,在-P,這裡-Ncd,，-COMMACATEGORY,我-Nh,迫害-VC,我-Nh,自己-Nh,。-PERIODCATEGORY,」-PARENTHESISCATEGORY,是-SHI,我-Nh,用-P,集中營-Nc,的-DE,手段-Na,形容-VE,我-Nh,受到-VJ,的-DE,傷害-Na,，-COMMACATEGORY,並-D,不-D,是-SHI,形容-VE,裡面-Ncd,護理師-Na,、-PAUSECATEGORY,環境-Na,多麼-Dfa,不堪-VK,，-COMMACATEGORY,而-Cbb,我-Nh,當時-Nd,認為-VE,這些-Neqa,事情-Na,都-D,是-SHI,我-Nh,的-DE,錯-Na,，-COMMACATEGORY,是-SHI,我-Nh,讓-VL,自己-Nh,游走-VA,在-P,生命-Na,邊緣-Nc,，-COMMACATEGORY,是-SHI,我-Nh,讓-VL,自己-Nh,失去-VJ,自由-Na,等等-Cab,.-PERIODCATEGORY,.-PERIODCATEGORY,.-PERIODCATEGORY,才-Da,做-VC,此-Nep,文述-Nb,。-PERIODCATEGORY,（-PARENTHESISCATEGORY,下面-Ncd,討論-VE,的-DE,有點-Dfa,激烈-VH,😅-FW,因此-Cbb,在-P,這裡-Ncd,補充-VC,說明-VE,。-PERIODCATEGORY,）-PARENTHESISCATEGORY"
更 沒想到有這麼多人回覆那我趁這個機會 向大家道個歉大家的回覆我都看了我很抱歉 如果妳/你是因為標題而點進來的希望你們能了解一件事這篇文章絕對不是個解！如果真的撐不下去了一定要去看醫生！！憂鬱症不只是心理疾病需要醫生專業的協助另外 這篇文章只是對我的幫助很大不會適用於所有人所以 我很認同 B44 說的每個人都有方法能讓自己舒服一點所以我分享了我的方法希望你們也能找到屬於你們的方法還有 原文沒有提到 要記得刷牙以下正文————————————————教給各位一個完美的自殺方法1.洗一個熱水澡2.泡一杯熱牛奶 加點蜂蜜3.把空調開到舒適的溫度4.喝下牛奶 然後躺好5.等你醒來看見太陽升起就是你已經死了並且輪迴啦，用新身分重新生活吧噓～只是孟婆搞錯了，不小心讓你的上一世跟這一世有點像而已這一次 揚起嘴角 我們一起加油吧！這是我在很久以前看到的文當時對一心求死的我 幫助很大希望可以幫助到你們這一世 讓我們一起加油,0,"更-Dfa, -WHITESPACE,沒想到-D,有-V_2,這麼多-Neqa,人-Na,回覆-VD,那-Nep,我-Nh,趁-P,這-Nep,個-Nf,機會-Na, -WHITESPACE,向-P,大家-Nh,道-VE,個-Nf,歉-VC,大家-Nh,的-DE,回覆-Nv,我-Nh,都-D,看-VC,了-Di,我-Nh,很-Dfa,抱歉-VK, -WHITESPACE,如果-Cbb,妳-Nh,/-FW,你-Nh,是-SHI,因為-Cbb,標題-Na,而-Cbb,點進來-VC,的-DE,希望-Na,你們-Nh,能-D,了-Di,解-VC,一-Neu,件-Nf,事-Na,這-Nep,篇-Nf,文章-Na,絕對-D,不-D,是-SHI,個-Nf,解-Na,！-EXCLAMATIONCATEGORY,如果-Cbb,真的-D,撐-VC,不-D,下去-Di,了-Di,一定-D,要-D,去-D,看醫生-VA,！-EXCLAMATIONCATEGORY,！-EXCLAMATIONCATEGORY,憂鬱症-Na,不-D,只-Da,是-SHI,心理-Na,疾病-Na,需要-VK,醫生-Na,專業-VH,的-DE,協助-VC,另外-Cbb, -WHITESPACE,這-Nep,篇-Nf,文章-Na,只是-D,對-P,我-Nh,的-DE,幫助-VC,很-Dfa,大-VH,不會-D,適用-VJ,於-P,所有人-Na,所以-Cbb, -WHITESPACE,我-Nh,很-Dfa,認同-VJ, B-FW,44-Neu, -WHITESPACE,說-VE,的-DE,每-Nes,個-Nf,人-Na,都-D,有-V_2,方法-Na,能-D,讓-VL,自己-Nh,舒服-VH,一點-Dfb,所以-Cbb,我-Nh,分享-VJ,了-Di,我-Nh,的-DE,方法-Na,希望-VK,你們-Nh,也-D,能-D,找到-VC,屬於-VG,你們-Nh,的-DE,方法-Na,還-D,有-V_2, -WHITESPACE,原文-Na,沒有-D,提到-VE, -WHITESPACE,要-D,記得-VK,刷牙-VA,以下-Ncd,正文-Na,—-DASHCATEGORY,—-DASHCATEGORY,—-DASHCATEGORY,—-DASHCATEGORY,—-DASHCATEGORY,—-DASHCATEGORY,—-DASHCATEGORY,—-DASHCATEGORY,—-DASHCATEGORY,—-DASHCATEGORY,—-DASHCATEGORY,—-DASHCATEGORY,—-DASHCATEGORY,—-DASHCATEGORY,—-DASHCATEGORY,—-DASHCATEGORY,教給-VD,各位-Nh,一-Neu,個-Nf,完美-VH,的-DE,自殺-VA,方法-Na,1.-Cbb,洗-VC,一-Neu,個-Nf,熱水澡-Na,2.-Cbb,泡-VC,一-Neu,杯-Nf,熱-VHC,牛奶-Na, -WHITESPACE,加-VC,點-Nf,蜂蜜-Na,3.-Cbb,把-P,空調-Na,開到-VC,舒適-VH,的-DE,溫度-Na,4.-Cbb,喝下-VC,牛奶-Na, -WHITESPACE,然後-D,躺好-VA,5.-Cbb,等-P,你-Nh,醒來-VH,看見-VE,太陽-Na,升起-VA,就-D,是-SHI,你-Nh,已經-D,死-VH,了-T,並且-Cbb,輪迴-VH,啦-T,，-COMMACATEGORY,用-P,新-VH,身分-Na,重新-D,生活-VA,吧噓-VC,～-FW,只是-Cbb,孟婆-Nb,搞錯-VC,了-Di,，-COMMACATEGORY,不-D,小心-VK,讓-VL,你-Nh,的-DE,上-Nes,一-Neu,世-Na,跟-P,這-Nep,一-Neu,世-Na,有點-Dfa,像-VG,而已-T,這-Nep,一-Neu,次-Nf, -WHITESPACE,揚起-VAC,嘴角-Nc, -WHITESPACE,我們-Nh,一起-D,加油-VB,吧-T,！-EXCLAMATIONCATEGORY,這-Nep,是-SHI,我-Nh,在-P,很-Dfa,久-VH,以前-Ng,看到-VE,的-DE,文-Na,當時-Nd,對-P,一心-D,求-VC,死-VH,的-DE,我-Nh, -WHITESPACE,幫助-VC,很-Dfa,大-VH,希望-Na,可以-D,幫助到-VC,你們-Nh,這-Nep,一-Neu,世-Na, -WHITESPACE,讓-VL,我們-Nh,一起-D,加油-VB"
